id,first_name,last_name,email,gender,ip_address
1,Meriel,Scourge,mscourge0@techcrunch.com,Female,146.126.17.112
2,Natalya,Saltwell,nsaltwell1@sfgate.com,Female,128.221.215.49
3,,,,,
4,Kristian,Spinola,kspinola3@sina.com.cn,Male,141.58.2.97
5,,,,,
6,Mead,Mucklow,mmucklow5@salon.com,Female,129.21.203.183
7,Carie,Kehir,ckehir6@feedburner.com,Female,150.242.40.211
8,Doe,Elkins,delkins7@ehow.com,Female,35.142.2.30
9,,,,,
10,Falkner,Gheraldi,fgheraldi9@vinaora.com,Male,185.128.167.68
11,Tiler,Newbegin,tnewbegina@theguardian.com,Male,192.17.26.176
12,Sindee,Andrich,sandrichb@g.co,Female,74.154.34.202
13,Issie,Deverell,ideverellc@google.com,Female,83.122.245.51
14,Osbert,Valett,ovalettd@myspace.com,Male,229.213.72.141
15,Melva,Kitter,mkittere@guardian.co.uk,Female,209.43.26.249
16,Cindy,Bitterton,cbittertonf@miitbeian.gov.cn,Female,110.179.182.60
17,Caressa,Jay,cjayg@ebay.co.uk,Female,170.96.211.90
18,Carmelita,Humberston,chumberstonh@walmart.com,Female,157.94.240.155
19,,,,,
20,,,,,
21,Tera,Leneve,tlenevek@thetimes.co.uk,Female,169.161.236.239
22,Mercie,Cultcheth,mcultchethl@constantcontact.com,Female,30.116.168.221
23,,,,,
24,Wyatan,Hakes,whakesn@ustream.tv,Male,104.191.80.97
25,Baird,Idney,bidneyo@51.la,Male,35.225.80.240
26,Raviv,Spondley,rspondleyp@unesco.org,Male,113.85.123.239
27,Adan,Aylen,aaylenq@ox.ac.uk,Male,170.5.220.139
28,Raina,Brea,rbrear@altervista.org,Female,85.211.18.66
29,Karyn,Coleford,kcolefords@sciencedaily.com,Female,129.96.225.208
30,Janey,Kaiser,jkaisert@nbcnews.com,Female,30.127.118.143
31,Konstantin,Jacob,kjacobu@earthlink.net,Male,94.188.68.107
32,Temple,Olle,tollev@behance.net,Male,73.210.187.109
33,Glori,Cowx,gcowxw@reverbnation.com,Female,123.20.56.182
34,,,,,
35,,,,,
36,Thatcher,Sharnock,tsharnockz@spotify.com,Male,96.127.69.192
37,Weston,Ciccetti,wciccetti10@artisteer.com,Male,69.147.106.145
38,Sascha,Carriage,scarriage11@about.com,Male,96.21.98.65
39,Nata,Cuttell,ncuttell12@friendfeed.com,Female,250.108.252.30
40,Madge,Sheara,msheara13@auda.org.au,Female,193.52.236.178
41,Ermanno,Standage,estandage14@huffingtonpost.com,Male,121.104.32.76
42,Webster,Staynes,wstaynes15@independent.co.uk,Male,117.32.215.244
43,Merrile,Dollimore,mdollimore16@cnn.com,Female,224.206.49.31
44,Mikaela,Brittle,mbrittle17@pbs.org,Female,9.98.57.231
45,Patricia,Dukes,pdukes18@so-net.ne.jp,Female,51.151.110.84
46,,,,,
47,Kennan,Doxsey,kdoxsey1a@fastcompany.com,Male,147.82.43.94
48,,,,,
49,,,,,
50,Tobin,Biasini,tbiasini1d@squarespace.com,Male,197.151.73.61
51,Lothario,Stode,lstode1e@japanpost.jp,Male,98.232.216.90
52,Robbie,Brind,rbrind1f@home.pl,Male,130.23.180.177
53,,,,,
54,,,,,
55,Ameline,Fisher,afisher1i@hugedomains.com,Female,42.179.69.241
56,Carlie,Forty,cforty1j@tamu.edu,Male,118.36.203.53
57,,,,,
58,Ginger,Verheyden,gverheyden1l@ebay.com,Female,1.219.242.51
59,Ab,Coppenhall,acoppenhall1m@dagondesign.com,Male,27.243.225.58
60,Merwin,Mahon,mmahon1n@gov.uk,Male,186.206.245.243
61,Marsh,Tunnoch,mtunnoch1o@ft.com,Male,236.50.164.163
62,Wolfgang,Ambrogiotti,wambrogiotti1p@reverbnation.com,Male,209.103.15.13
63,Verena,Gomez,vgomez1q@issuu.com,Female,52.223.132.29
64,Simonne,Boseley,sboseley1r@goo.ne.jp,Female,65.103.132.189
65,Gwenette,McCulley,gmcculley1s@statcounter.com,Female,127.145.135.92
66,Angelina,Brereton,abrereton1t@list-manage.com,Female,223.138.253.233
67,Franklin,Breeze,fbreeze1u@youtu.be,Male,78.13.46.244
68,Ellyn,Land,eland1v@phpbb.com,Female,243.43.62.214
69,Ramsey,Prestedge,rprestedge1w@desdev.cn,Male,157.191.66.9
70,Henriette,Matissoff,hmatissoff1x@washington.edu,Female,227.99.238.77
71,Wandie,Siman,wsiman1y@mapquest.com,Female,255.241.73.137
72,Luce,McGuggy,lmcguggy1z@goodreads.com,Male,174.153.137.196
73,Sydney,Holyland,sholyland20@cdbaby.com,Female,151.114.198.230
74,Josh,Tomasi,jtomasi21@skype.com,Male,157.160.190.59
75,Dani,Matveyev,dmatveyev22@rambler.ru,Female,75.71.126.3
76,Duff,Crystal,dcrystal23@squarespace.com,Male,86.110.0.174
77,,,,,
78,Des,Stolli,dstolli25@ow.ly,Male,8.90.76.69
79,Marcello,Gerardet,mgerardet26@newsvine.com,Male,214.27.131.75
80,Hurlee,Conyer,hconyer27@tripod.com,Male,19.77.66.177
81,,,,,
82,Corty,Waslin,cwaslin29@ucoz.com,Male,134.35.234.122
83,,,,,
84,,,,,
85,Demetrius,Sauvain,dsauvain2c@twitter.com,Male,1.174.187.211
86,Libbey,Tyne,ltyne2d@livejournal.com,Female,219.69.118.246
87,Doe,Phil,dphil2e@linkedin.com,Female,100.85.204.218
88,Sheryl,Orlton,sorlton2f@dedecms.com,Female,63.31.99.152
89,Lief,Muckersie,lmuckersie2g@free.fr,Male,109.96.145.206
90,Ronda,Huntress,rhuntress2h@mysql.com,Female,237.51.102.155
91,Alf,Impey,aimpey2i@europa.eu,Male,243.27.178.175
92,Marieann,Oolahan,moolahan2j@webs.com,Female,183.188.85.248
93,,,,,
94,,,,,
95,Kleon,Divall,kdivall2m@elegantthemes.com,Male,154.237.70.192
96,Kore,Alishoner,kalishoner2n@dion.ne.jp,Female,44.178.64.217
97,Nona,Laugier,nlaugier2o@webmd.com,Female,248.215.81.236
98,Halsy,Cocozza,hcocozza2p@hhs.gov,Male,30.206.56.101
99,Odo,Mosdell,omosdell2q@disqus.com,Male,16.163.245.133
100,Terry,Warmisham,twarmisham2r@nymag.com,Female,96.201.116.249
101,Eugenius,Lefever,elefever2s@so-net.ne.jp,Male,127.208.115.253
102,Sherlocke,Chalfant,schalfant2t@admin.ch,Male,242.84.138.221
103,Brit,Markwick,bmarkwick2u@ebay.co.uk,Female,76.205.28.61
104,Waldon,Coller,wcoller2v@mapquest.com,Male,188.30.211.46
105,Cheryl,Stukings,cstukings2w@mit.edu,Female,114.34.92.99
106,Wolfie,Velde,wvelde2x@ox.ac.uk,Male,182.181.250.46
107,Wylie,Fairfoul,wfairfoul2y@geocities.jp,Male,156.145.115.164
108,Leda,Kensington,lkensington2z@instagram.com,Female,183.190.71.172
109,Tim,Stuchburie,tstuchburie30@japanpost.jp,Female,96.230.209.200
110,Beatrice,McGilleghole,bmcgilleghole31@networksolutions.com,Female,242.85.142.142
111,Verine,Olrenshaw,volrenshaw32@unblog.fr,Female,248.247.85.93
112,Arne,Tute,atute33@woothemes.com,Male,34.89.48.27
113,Whitman,Rignoldes,wrignoldes34@loc.gov,Male,254.204.125.144
114,Goraud,McCambrois,gmccambrois35@apple.com,Male,74.110.203.129
115,Jobey,Haycraft,jhaycraft36@stanford.edu,Female,98.44.118.27
116,,,,,
117,,,,,
118,Herschel,Mateu,hmateu39@webeden.co.uk,Male,225.183.181.24
119,,,,,
120,Gwyneth,Rohan,grohan3b@nba.com,Female,8.99.125.177
121,Lizabeth,Shakeshaft,lshakeshaft3c@nih.gov,Female,92.67.131.202
122,Gayelord,Beine,gbeine3d@nytimes.com,Male,22.218.97.104
123,Maggi,Filochov,mfilochov3e@chronoengine.com,Female,239.89.217.171
124,,,,,
125,Gasparo,Heckney,gheckney3g@pcworld.com,Male,148.219.208.39
126,,,,,
127,Larry,Wilstead,lwilstead3i@163.com,Male,62.163.218.189
128,Willabella,Hazelhurst,whazelhurst3j@taobao.com,Female,11.168.123.39
129,Xena,Shilvock,xshilvock3k@behance.net,Female,34.126.215.209
130,Brigg,Delve,bdelve3l@surveymonkey.com,Male,249.70.75.217
131,Stewart,Cornhill,scornhill3m@rambler.ru,Male,87.16.196.235
132,Korie,Ziehms,kziehms3n@163.com,Female,55.151.48.105
133,Erich,Menere,emenere3o@macromedia.com,Male,126.14.197.208
134,Cal,Duesbury,cduesbury3p@ca.gov,Male,232.148.178.58
135,Robinett,Elvy,relvy3q@about.com,Female,153.89.24.161
136,Berna,Hilldrup,bhilldrup3r@accuweather.com,Female,154.90.128.253
137,Teddy,McGillivray,tmcgillivray3s@narod.ru,Female,25.251.89.245
138,,,,,
139,Gina,Brassill,gbrassill3u@shinystat.com,Female,141.57.194.40
140,,,,,
141,Fiona,Hinckley,fhinckley3w@soup.io,Female,45.233.245.213
142,,,,,
143,Rodina,Shimmin,rshimmin3y@themeforest.net,Female,130.207.141.85
144,Derril,Folger,dfolger3z@friendfeed.com,Male,48.173.21.112
145,Elvis,Shute,eshute40@trellian.com,Male,187.137.187.219
146,Elyse,Celiz,eceliz41@elpais.com,Female,135.4.100.52
147,Marv,Feavearyear,mfeavearyear42@gov.uk,Male,73.255.63.221
148,Christalle,Ruben,cruben43@about.com,Female,58.24.187.153
149,Cyrille,Crunkhurn,ccrunkhurn44@ebay.co.uk,Male,243.37.121.191
150,Josey,Kentwell,jkentwell45@sakura.ne.jp,Female,53.18.65.104
151,Camella,Grigoliis,cgrigoliis46@comsenz.com,Female,147.44.149.94
152,,,,,
153,,,,,
154,Thorvald,Camidge,tcamidge49@usnews.com,Male,183.74.193.111
155,Sheppard,Seeger,sseeger4a@networksolutions.com,Male,193.104.59.7
156,Bradly,Petric,bpetric4b@princeton.edu,Male,133.10.202.3
157,Morly,Willcocks,mwillcocks4c@yahoo.com,Male,214.122.253.103
158,,,,,
159,Carma,Verheijden,cverheijden4e@nsw.gov.au,Female,81.168.1.220
160,,,,,
161,Drew,Mattock,dmattock4g@state.gov,Male,135.165.21.220
162,Pincas,Gosnall,pgosnall4h@theglobeandmail.com,Male,109.199.19.241
163,Brenden,McGeaney,bmcgeaney4i@lulu.com,Male,127.124.190.132
164,Radcliffe,Norbury,rnorbury4j@nymag.com,Male,248.164.20.164
165,Griffin,Jenteau,gjenteau4k@huffingtonpost.com,Male,131.239.249.1
166,Jacobo,Waddell,jwaddell4l@t-online.de,Male,3.253.34.171
167,Mathian,Miettinen,mmiettinen4m@senate.gov,Male,35.168.225.230
168,Oliviero,Skains,oskains4n@gov.uk,Male,67.143.182.108
169,Lacy,Harrie,lharrie4o@clickbank.net,Female,137.166.74.219
170,Filide,Drissell,fdrissell4p@google.nl,Female,139.133.195.241
171,Ezekiel,Sherbrooke,esherbrooke4q@state.tx.us,Male,147.38.91.8
172,,,,,
173,Gerianne,Olufsen,golufsen4s@hud.gov,Female,163.111.107.73
174,,,,,
175,Betteann,Grossman,bgrossman4u@nps.gov,Female,9.121.196.39
176,,,,,
177,,,,,
178,Kiri,Pillifant,kpillifant4x@bravesites.com,Female,38.47.187.97
179,,,,,
180,Chrissie,Armytage,carmytage4z@nhs.uk,Female,120.192.79.147
181,Gigi,Glanfield,gglanfield50@liveinternet.ru,Female,232.21.29.89
182,Sapphira,Copo,scopo51@odnoklassniki.ru,Female,121.1.68.175
183,Anabel,Machan,amachan52@google.co.uk,Female,116.196.155.31
184,Bambie,Tonry,btonry53@zdnet.com,Female,91.47.46.151
185,Estevan,Cotillard,ecotillard54@webmd.com,Male,173.250.193.132
186,Johnny,Micklem,jmicklem55@nbcnews.com,Male,154.232.196.131
187,Rodger,Quayle,rquayle56@weather.com,Male,246.144.80.145
188,Tiffie,Brien,tbrien57@state.gov,Female,248.199.31.229
189,Parnell,Solomon,psolomon58@alexa.com,Male,241.126.123.137
190,Ellwood,Putland,eputland59@comcast.net,Male,134.12.29.11
191,Shandy,Andreev,sandreev5a@ebay.co.uk,Female,12.219.80.66
192,Verne,O'Hagirtie,vohagirtie5b@youtu.be,Male,43.224.122.26
193,Justus,Keble,jkeble5c@irs.gov,Male,22.40.99.174
194,Udell,Janton,ujanton5d@google.co.jp,Male,8.150.186.139
195,Verena,Senter,vsenter5e@weebly.com,Female,43.74.178.15
196,Breena,Whooley,bwhooley5f@php.net,Female,69.152.35.58
197,Axel,Lark,alark5g@disqus.com,Male,7.226.118.22
198,Farley,Beat,fbeat5h@pcworld.com,Male,132.223.0.26
199,Jessa,Lisett,jlisett5i@sciencedirect.com,Female,165.11.172.75
200,Quint,Mackness,qmackness5j@sourceforge.net,Male,164.18.123.5
201,Mozelle,Arnald,marnald5k@irs.gov,Female,114.67.68.233
202,Walden,O'Sesnane,wosesnane5l@java.com,Male,236.106.94.68
203,Darlene,Torpie,dtorpie5m@berkeley.edu,Female,247.26.125.150
204,Rafaello,Luckie,rluckie5n@mail.ru,Male,133.31.34.62
205,Tam,Wrey,twrey5o@scientificamerican.com,Male,0.189.190.12
206,,,,,
207,Alair,Lowseley,alowseley5q@paginegialle.it,Male,248.76.94.76
208,Rhonda,Inkster,rinkster5r@fema.gov,Female,253.194.10.95
209,Conrad,Exell,cexell5s@liveinternet.ru,Male,7.148.43.87
210,Pen,Yeell,pyeell5t@webmd.com,Male,216.37.18.48
211,,,,,
212,Beck,Mishow,bmishow5v@webeden.co.uk,Male,96.54.121.114
213,Edvard,Wetherell,ewetherell5w@spiegel.de,Male,163.214.98.52
214,Gaspar,Sadry,gsadry5x@alibaba.com,Male,37.130.253.186
215,Irwin,McTrusty,imctrusty5y@eventbrite.com,Male,36.99.173.63
216,Jamesy,Marunchak,jmarunchak5z@abc.net.au,Male,235.30.112.18
217,,,,,
218,,,,,
219,Kliment,Vallentin,kvallentin62@unesco.org,Male,199.100.72.150
220,Domenico,Glisane,dglisane63@usatoday.com,Male,54.180.230.126
221,Quinta,Cullingford,qcullingford64@bloglines.com,Female,77.103.252.204
222,,,,,
223,Tanny,Ashard,tashard66@skyrock.com,Male,246.120.128.255
224,,,,,
225,Desdemona,Colyer,dcolyer68@bandcamp.com,Female,192.65.77.120
226,Bobbette,Myall,bmyall69@ycombinator.com,Female,211.223.170.188
227,,,,,
228,,,,,
229,Gawain,Abbatini,gabbatini6c@vistaprint.com,Male,49.48.141.48
230,Stephanus,Pelchat,spelchat6d@buzzfeed.com,Male,43.156.62.196
231,Arni,Noel,anoel6e@uol.com.br,Male,89.81.31.41
232,Lionel,McElhinney,lmcelhinney6f@twitpic.com,Male,137.146.91.74
233,,,,,
234,Win,Yurshev,wyurshev6h@house.gov,Male,0.114.63.183
235,,,,,
236,Bebe,Daborn,bdaborn6j@cloudflare.com,Female,170.91.16.105
237,Loraine,Ayllett,layllett6k@geocities.jp,Female,64.6.48.112
238,,,,,
239,,,,,
240,Gaylord,Berney,gberney6n@sogou.com,Male,65.246.170.118
241,,,,,
242,Maddi,Stennes,mstennes6p@amazonaws.com,Female,100.161.236.27
243,Ofelia,Kahane,okahane6q@amazon.de,Female,110.72.221.10
244,Thibaut,Strooband,tstrooband6r@plala.or.jp,Male,12.79.233.32
245,Wanda,Skerratt,wskerratt6s@homestead.com,Female,86.172.60.84
246,Pauline,Shera,pshera6t@purevolume.com,Female,187.21.88.142
247,Brittney,Grigoriscu,bgrigoriscu6u@imdb.com,Female,62.119.50.163
248,,,,,
249,Katrinka,Vettore,kvettore6w@mapquest.com,Female,227.163.49.26
250,Nickolaus,Rubi,nrubi6x@wikia.com,Male,178.70.7.194
251,Eleen,Wortman,ewortman6y@mlb.com,Female,111.181.202.234
252,Fabio,Laurenty,flaurenty6z@amazon.de,Male,187.253.178.190
253,Elmore,Ellson,eellson70@ezinearticles.com,Male,98.41.6.143
254,Margarita,Rockhall,mrockhall71@ycombinator.com,Female,114.100.65.191
255,Jorrie,Cockell,jcockell72@free.fr,Female,30.115.11.127
256,Toma,Cluett,tcluett73@storify.com,Female,95.76.211.142
257,Aile,Hew,ahew74@shinystat.com,Female,2.174.175.35
258,,,,,
259,,,,,
260,Korney,Brik,kbrik77@google.com.au,Female,140.129.163.61
261,Arabelle,Pankhurst.,apankhurst78@yellowpages.com,Female,153.60.123.124
262,Shandie,Pratte,spratte79@webmd.com,Female,140.3.173.226
263,Portie,Squires,psquires7a@shop-pro.jp,Male,188.54.244.32
264,Lonee,Pesticcio,lpesticcio7b@cisco.com,Female,75.212.232.176
265,Ninetta,Hurran,nhurran7c@prweb.com,Female,111.91.81.228
266,Boone,Maha,bmaha7d@timesonline.co.uk,Male,78.244.44.18
267,Giorgia,Ogger,gogger7e@fda.gov,Female,62.39.161.20
268,Arielle,Tebbutt,atebbutt7f@ucoz.com,Female,161.252.100.71
269,Liesa,Aluard,laluard7g@mozilla.org,Female,20.41.194.186
270,Derrick,Trodd,dtrodd7h@soundcloud.com,Male,110.110.36.10
271,Tallie,Fewings,tfewings7i@shinystat.com,Male,70.90.129.14
272,Bordy,Dukelow,bdukelow7j@plala.or.jp,Male,210.155.25.182
273,Frederic,Betham,fbetham7k@yellowpages.com,Male,146.124.156.254
274,Horacio,Niese,hniese7l@bloglines.com,Male,70.6.37.232
275,Tome,Hunnawill,thunnawill7m@arstechnica.com,Male,103.253.237.92
276,Cynthy,Seagood,cseagood7n@surveymonkey.com,Female,191.127.73.182
277,Adler,Lionel,alionel7o@spiegel.de,Male,105.186.35.196
278,,,,,
279,Benedick,Edser,bedser7q@mit.edu,Male,26.143.50.202
280,Hastie,Biddulph,hbiddulph7r@acquirethisname.com,Male,205.241.43.95
281,Katya,Oger,koger7s@va.gov,Female,171.191.46.188
282,Cortie,O'Sullivan,cosullivan7t@discuz.net,Male,245.153.128.48
283,Stefan,McLaren,smclaren7u@amazon.co.jp,Male,6.191.203.60
284,Ashli,Malacrida,amalacrida7v@abc.net.au,Female,216.121.131.125
285,Sibilla,Niche,sniche7w@google.co.uk,Female,165.184.196.15
286,Antonia,Dedden,adedden7x@deviantart.com,Female,7.254.227.102
287,,,,,
288,,,,,
289,Giuditta,Striker,gstriker80@vinaora.com,Female,236.33.136.3
290,Rita,Kliesl,rkliesl81@sitemeter.com,Female,166.231.224.27
291,Basilio,Colebeck,bcolebeck82@mlb.com,Male,242.9.0.191
292,Hale,Bourgaize,hbourgaize83@opensource.org,Male,250.30.156.149
293,Margarita,Melanaphy,mmelanaphy84@amazon.co.uk,Female,158.225.222.55
294,Alanna,Chinn,achinn85@hexun.com,Female,130.76.101.83
295,Ortensia,Blackhurst,oblackhurst86@163.com,Female,5.128.175.58
296,Joya,Summersett,jsummersett87@nyu.edu,Female,129.180.113.211
297,Amye,Lilie,alilie88@imdb.com,Female,23.9.158.118
298,Jane,McCraw,jmccraw89@qq.com,Female,65.252.109.190
299,,,,,
300,Blinnie,Greveson,bgreveson8b@cnn.com,Female,72.206.233.226
301,Law,Zanutti,lzanutti8c@amazon.co.uk,Male,62.126.96.126
302,Melinda,Dods,mdods8d@tumblr.com,Female,239.168.194.124
303,Axel,Raincin,araincin8e@nymag.com,Male,33.181.232.13
304,Cordell,Cameron,ccameron8f@surveymonkey.com,Male,37.218.0.22
305,Malory,Eede,meede8g@jiathis.com,Female,140.178.111.157
306,Steffie,Cousans,scousans8h@etsy.com,Female,240.176.138.168
307,Codie,Tichner,ctichner8i@newyorker.com,Female,144.65.43.64
308,Benedick,Harrower,bharrower8j@jalbum.net,Male,81.91.226.96
309,Elden,Dmytryk,edmytryk8k@ameblo.jp,Male,146.93.241.153
310,Ken,Macy,kmacy8l@jiathis.com,Male,83.186.153.139
311,Stevana,Serjeantson,sserjeantson8m@smugmug.com,Female,177.235.212.188
312,Giselbert,Symons,gsymons8n@wikimedia.org,Male,210.224.214.243
313,,,,,
314,Carey,Britee,cbritee8p@weather.com,Female,216.20.226.89
315,Matthieu,Gascard,mgascard8q@chronoengine.com,Male,19.214.196.144
316,Fernando,Pavyer,fpavyer8r@bbc.co.uk,Male,106.5.57.170
317,Karoline,Rounsivall,krounsivall8s@bravesites.com,Female,47.164.80.35
318,Dela,Frankcom,dfrankcom8t@soup.io,Female,16.56.244.160
319,,,,,
320,Netta,Gilroy,ngilroy8v@trellian.com,Female,206.144.58.49
321,Evita,Judge,ejudge8w@amazon.co.jp,Female,42.198.55.219
322,Hardy,Colwill,hcolwill8x@reference.com,Male,30.14.226.33
323,Milty,Sell,msell8y@telegraph.co.uk,Male,66.130.165.132
324,Masha,Chretien,mchretien8z@google.pl,Female,112.216.147.145
325,Kai,Delatour,kdelatour90@blogtalkradio.com,Female,38.254.192.106
326,Griswold,Seedman,gseedman91@constantcontact.com,Male,89.83.74.33
327,Johan,Amdohr,jamdohr92@tamu.edu,Male,159.37.113.70
328,Zelda,Jorg,zjorg93@marriott.com,Female,84.153.157.231
329,Horatio,Kleinsmuntz,hkleinsmuntz94@typepad.com,Male,193.186.120.128
330,Emmalee,Ronnay,eronnay95@jigsy.com,Female,139.54.89.223
331,Axe,Gobat,agobat96@cnet.com,Male,254.80.103.159
332,Romain,Chastelain,rchastelain97@umich.edu,Male,146.16.68.243
333,Kiah,Navarijo,knavarijo98@tamu.edu,Female,67.3.193.130
334,,,,,
335,,,,,
336,Sybila,Bellingham,sbellingham9b@example.com,Female,32.247.172.62
337,Verne,Lindstrom,vlindstrom9c@google.co.jp,Male,63.155.174.55
338,Marta,Bartels,mbartels9d@ted.com,Female,96.44.25.35
339,Wade,Verny,wverny9e@army.mil,Male,140.181.162.136
340,Lainey,Khadir,lkhadir9f@vinaora.com,Female,202.34.36.175
341,Ferdinand,Vaggers,fvaggers9g@oracle.com,Male,170.140.233.143
342,Natal,Mathely,nmathely9h@behance.net,Male,244.242.219.232
343,Delphine,Hearmon,dhearmon9i@berkeley.edu,Female,23.13.71.205
344,Aldin,Ianilli,aianilli9j@toplist.cz,Male,221.195.139.32
345,Kirsti,Bevis,kbevis9k@oracle.com,Female,84.180.3.219
346,Helga,Bownas,hbownas9l@amazon.de,Female,54.37.91.209
347,,,,,
348,Elfrida,Banasik,ebanasik9n@spotify.com,Female,237.227.44.102
349,Saloma,MacAne,smacane9o@home.pl,Female,1.118.253.129
350,Rochell,Gooderidge,rgooderidge9p@php.net,Female,70.43.31.173
351,,,,,
352,Auroora,Bushel,abushel9r@theguardian.com,Female,2.173.59.32
353,,,,,
354,Coretta,Deetlof,cdeetlof9t@people.com.cn,Female,124.184.184.146
355,Gonzales,Kidner,gkidner9u@howstuffworks.com,Male,3.20.203.90
356,Iggy,Mizen,imizen9v@joomla.org,Male,157.2.243.41
357,,,,,
358,Jsandye,Hughlock,jhughlock9x@unesco.org,Female,51.174.73.158
359,,,,,
360,Kleon,Chrystal,kchrystal9z@imdb.com,Male,48.100.197.29
361,Judon,Birden,jbirdena0@ow.ly,Male,96.77.168.51
362,,,,,
363,Ellynn,Newberry,enewberrya2@behance.net,Female,148.2.210.65
364,,,,,
365,,,,,
366,Marven,Skitch,mskitcha5@ebay.com,Male,202.39.75.99
367,Leigh,Hawse,lhawsea6@nymag.com,Female,104.69.156.76
368,Carolina,Yakovlev,cyakovleva7@diigo.com,Female,163.183.233.81
369,Alfons,Closs,aclossa8@tripadvisor.com,Male,247.162.136.128
370,Brunhilde,Blatcher,bblatchera9@omniture.com,Female,192.5.96.222
371,Norbert,Ream,nreamaa@sphinn.com,Male,115.234.202.192
372,Arlyn,Schaben,aschabenab@reference.com,Female,231.244.208.177
373,Abbe,Earry,aearryac@pagesperso-orange.fr,Male,0.57.83.78
374,Erv,Vanyakin,evanyakinad@php.net,Male,231.71.213.84
375,Vladimir,Grisley,vgrisleyae@sfgate.com,Male,219.205.203.145
376,Dari,Betteridge,dbetteridgeaf@mapy.cz,Female,61.78.138.112
377,Ardath,Labbey,alabbeyag@networksolutions.com,Female,220.34.159.87
378,Izabel,Pack,ipackah@tmall.com,Female,92.168.139.6
379,Foster,Plumm,fplummai@seattletimes.com,Male,108.141.238.14
380,Ricky,Romanetti,rromanettiaj@marketwatch.com,Female,252.106.6.24
381,,,,,
382,Drusy,Gritland,dgritlandal@intel.com,Female,172.174.244.126
383,,,,,
384,,,,,
385,Bamby,Drury,bdruryao@jugem.jp,Female,125.0.181.38
386,,,,,
387,,,,,
388,Normie,Ginnane,nginnanear@google.com.au,Male,144.245.15.129
389,Mohandas,MacGillivrie,mmacgillivrieas@lulu.com,Male,196.57.149.202
390,,,,,
391,,,,,
392,Shawn,Van Oort,svanoortav@tumblr.com,Male,44.210.172.100
393,Riane,Calender,rcalenderaw@blog.com,Female,190.42.66.12
394,Britt,Switland,bswitlandax@unicef.org,Male,0.41.149.23
395,,,,,
396,Fabe,Visick,fvisickaz@yelp.com,Male,47.7.125.151
397,Lauri,Reiglar,lreiglarb0@squidoo.com,Female,249.145.202.131
398,Amil,Handrek,ahandrekb1@photobucket.com,Female,200.174.181.87
399,Benny,Mingasson,bmingassonb2@ftc.gov,Female,193.161.249.173
400,,,,,
401,Freedman,Ganing,fganingb4@plala.or.jp,Male,206.112.232.27
402,Rheba,Lawes,rlawesb5@mapquest.com,Female,173.134.97.248
403,Maximilian,Blincko,mblinckob6@miitbeian.gov.cn,Male,86.172.9.160
404,Ebony,Catchpole,ecatchpoleb7@blogtalkradio.com,Female,145.90.61.83
405,Cookie,McGowran,cmcgowranb8@nhs.uk,Female,215.92.27.252
406,Bren,Bartle,bbartleb9@whitehouse.gov,Female,6.49.40.151
407,Henka,Rubertis,hrubertisba@ow.ly,Female,158.83.198.146
408,,,,,
409,Shannon,Mafham,smafhambc@java.com,Male,206.93.213.204
410,Zachariah,Meads,zmeadsbd@yellowpages.com,Male,34.153.219.209
411,Dwain,Cockerell,dcockerellbe@sciencedirect.com,Male,24.47.220.211
412,Rollie,Ludy,rludybf@cornell.edu,Male,16.124.229.195
413,Burty,Crawford,bcrawfordbg@naver.com,Male,212.205.228.248
414,,,,,
415,Jacquie,Kirkebye,jkirkebyebi@goodreads.com,Female,23.167.218.143
416,,,,,
417,Malvin,Lansly,mlanslybk@indiegogo.com,Male,114.24.227.43
418,Therine,Palethorpe,tpalethorpebl@si.edu,Female,164.172.140.199
419,Bobbie,Billiard,bbilliardbm@admin.ch,Male,67.192.106.69
420,Cosimo,Scholig,cscholigbn@dion.ne.jp,Male,130.188.226.170
421,,,,,
422,Brucie,Wroughton,bwroughtonbp@slashdot.org,Male,129.246.199.160
423,Dunc,de Werk,ddewerkbq@baidu.com,Male,146.67.145.154
424,Jaime,Dundon,jdundonbr@github.com,Male,95.107.122.231
425,Frankie,Korpal,fkorpalbs@indiegogo.com,Female,89.79.44.201
426,Bradford,Debill,bdebillbt@youku.com,Male,121.120.169.4
427,Elle,Hucklesby,ehucklesbybu@drupal.org,Female,106.166.64.10
428,,,,,
429,,,,,
430,Buckie,Joyes,bjoyesbx@php.net,Male,183.192.210.142
431,Oby,Bruckenthal,obruckenthalby@over-blog.com,Male,231.105.18.62
432,Jermaine,Reidie,jreidiebz@domainmarket.com,Female,57.126.62.33
433,Fleming,Alves,falvesc0@kickstarter.com,Male,145.225.1.82
434,,,,,
435,Erma,Ludlow,eludlowc2@nps.gov,Female,12.242.83.223
436,Stanislas,Betke,sbetkec3@accuweather.com,Male,186.137.45.23
437,Jenna,Murrells,jmurrellsc4@google.es,Female,70.173.203.106
438,Dell,Dulson,ddulsonc5@google.pl,Female,196.119.146.107
439,Ivar,Gerhold,igerholdc6@deliciousdays.com,Male,69.250.116.33
440,,,,,
441,,,,,
442,Orland,Pavek,opavekc9@163.com,Male,221.220.84.92
443,Jone,Reasun,jreasunca@a8.net,Male,6.74.168.223
444,Bard,Grogan,bgrogancb@bravesites.com,Male,212.249.103.78
445,Melinde,Danforth,mdanforthcc@google.pl,Female,65.174.121.56
446,Tarrance,Studdard,tstuddardcd@wikimedia.org,Male,147.157.152.109
447,Kendra,Vallantine,kvallantinece@ovh.net,Female,24.249.171.75
448,Linzy,Lindermann,llindermanncf@typepad.com,Female,231.139.205.206
449,Belita,MacKeller,bmackellercg@uiuc.edu,Female,175.207.40.214
450,,,,,
451,Orazio,Harridge,oharridgeci@epa.gov,Male,145.36.122.51
452,Guglielmo,Rediers,gredierscj@soundcloud.com,Male,109.97.234.246
453,Teriann,Southcombe,tsouthcombeck@liveinternet.ru,Female,23.6.210.75
454,Shellie,Corde,scordecl@google.cn,Female,87.69.234.237
455,Marcie,Hugnot,mhugnotcm@homestead.com,Female,41.241.54.146
456,,,,,
457,Alfred,Jevon,ajevonco@weebly.com,Male,43.162.60.93
458,Immanuel,Kimber,ikimbercp@123-reg.co.uk,Male,12.88.224.144
459,Jules,Loughman,jloughmancq@shareasale.com,Male,248.159.65.186
460,Padget,Janczak,pjanczakcr@woothemes.com,Male,172.163.240.198
461,Ginny,MacDowal,gmacdowalcs@washington.edu,Female,54.170.144.72
462,Zachariah,Barbisch,zbarbischct@harvard.edu,Male,102.24.248.248
463,Annaliese,Milner,amilnercu@si.edu,Female,204.78.180.62
464,Standford,Ding,sdingcv@japanpost.jp,Male,111.103.149.21
465,Carmel,Renwick,crenwickcw@about.me,Female,188.229.87.170
466,Netta,Aldous,naldouscx@tiny.cc,Female,93.107.73.7
467,Renato,Byars,rbyarscy@narod.ru,Male,183.196.231.53
468,Hubert,Bumphrey,hbumphreycz@craigslist.org,Male,29.219.36.250
469,Nathan,Filippazzo,nfilippazzod0@feedburner.com,Male,164.142.154.10
470,,,,,
471,Liesa,Lanyon,llanyond2@jugem.jp,Female,124.152.28.69
472,Desmond,Snowball,dsnowballd3@yelp.com,Male,97.226.237.247
473,Moina,Darque,mdarqued4@nymag.com,Female,158.68.33.91
474,Elvina,Farrier,efarrierd5@360.cn,Female,88.215.127.44
475,,,,,
476,Fionnula,Bladder,fbladderd7@360.cn,Female,49.137.25.192
477,,,,,
478,Cordelia,Behne,cbehned9@chronoengine.com,Female,89.217.190.140
479,Keven,Burdin,kburdinda@thetimes.co.uk,Male,100.162.189.165
480,,,,,
481,Friedrich,Puddicombe,fpuddicombedc@qq.com,Male,149.19.97.120
482,Alex,Orteu,aorteudd@slate.com,Female,60.35.107.39
483,Raye,Rouf,rroufde@twitter.com,Female,19.190.30.129
484,Marne,MacMaster,mmacmasterdf@last.fm,Female,143.79.108.115
485,Karisa,Botterell,kbotterelldg@addtoany.com,Female,197.199.215.251
486,,,,,
487,Coral,O'Connell,coconnelldi@bloglovin.com,Female,121.53.30.13
488,Jude,Cheshir,jcheshirdj@yahoo.com,Male,8.50.172.213
489,Teressa,Kender,tkenderdk@amazon.co.uk,Female,254.252.224.196
490,Esther,Baskeyfied,ebaskeyfieddl@sitemeter.com,Female,212.112.36.52
491,Beatrice,Skunes,bskunesdm@princeton.edu,Female,27.168.114.236
492,Phineas,Ollington,pollingtondn@intel.com,Male,255.183.181.95
493,Garth,Gorwood,ggorwooddo@cornell.edu,Male,110.235.102.214
494,Bastien,Bancroft,bbancroftdp@yolasite.com,Male,76.79.63.150
495,Colver,Lossman,clossmandq@cdc.gov,Male,130.225.169.85
496,Querida,Aldham,qaldhamdr@newsvine.com,Female,249.216.92.220
497,Jennette,Rabier,jrabierds@intel.com,Female,36.221.54.120
498,Marshall,Grenter,mgrenterdt@surveymonkey.com,Male,153.61.234.125
499,,,,,
500,Hanan,Willshee,hwillsheedv@tamu.edu,Male,210.246.253.158
501,Isak,Dumbelton,idumbeltondw@tuttocitta.it,Male,4.62.250.83
502,Wandie,Siemons,wsiemonsdx@mediafire.com,Female,190.33.131.67
503,Cece,Liggons,cliggonsdy@wunderground.com,Male,186.187.248.150
504,Sutton,Van Dale,svandaledz@zimbio.com,Male,156.100.69.144
505,Allianora,Cottu,acottue0@bandcamp.com,Female,172.127.182.159
506,,,,,
507,,,,,
508,Eulalie,Kenvin,ekenvine3@biblegateway.com,Female,227.108.144.90
509,Cristi,Glowacz,cglowacze4@zdnet.com,Female,148.253.112.95
510,Linoel,Trengrouse,ltrengrousee5@amazon.com,Male,209.205.139.14
511,Casey,Nathon,cnathone6@wufoo.com,Male,2.197.58.248
512,Mychal,Hembling,mhemblinge7@liveinternet.ru,Male,47.35.10.116
513,Sayer,Jancso,sjancsoe8@whitehouse.gov,Male,249.236.4.49
514,Corby,Clears,cclearse9@barnesandnoble.com,Male,7.250.152.234
515,Karoly,Thurlbeck,kthurlbeckea@examiner.com,Male,61.133.126.24
516,Reinwald,McGann,rmcganneb@telegraph.co.uk,Male,129.35.88.162
517,,,,,
518,,,,,
519,Garry,Bwye,gbwyeee@diigo.com,Male,181.149.75.15
520,,,,,
521,,,,,
522,Ruperta,Vignaux,rvignauxeh@upenn.edu,Female,177.82.183.90
523,,,,,
524,Carlye,Fendlow,cfendlowej@people.com.cn,Female,178.70.192.73
525,Renado,Staddart,rstaddartek@usgs.gov,Male,149.0.38.91
526,Mandy,Giggs,mgiggsel@deliciousdays.com,Female,183.0.158.27
527,Georg,Sedcole,gsedcoleem@free.fr,Male,143.222.167.82
528,Estrellita,Di Ruggiero,ediruggieroen@blogspot.com,Female,76.208.29.223
529,Martyn,Simonyi,msimonyieo@reverbnation.com,Male,136.31.140.215
530,Kalli,Pillman,kpillmanep@wikispaces.com,Female,208.100.185.74
531,Adella,Haimes,ahaimeseq@livejournal.com,Female,247.115.133.208
532,,,,,
533,Sven,Garlant,sgarlantes@java.com,Male,136.123.167.85
534,Davidson,Mighele,dmigheleet@state.tx.us,Male,194.96.162.180
535,Odell,Abbie,oabbieeu@sciencedirect.com,Male,83.86.159.205
536,Chan,Anton,cantonev@pagesperso-orange.fr,Male,38.208.234.81
537,Nannette,Vreiberg,nvreibergew@symantec.com,Female,3.197.179.129
538,Colin,Gosnay,cgosnayex@yandex.ru,Male,13.136.252.17
539,Jorgan,Rawstorn,jrawstorney@163.com,Male,130.155.183.138
540,Egan,Southworth,esouthworthez@alibaba.com,Male,15.177.62.139
541,Opaline,Laver,olaverf0@phpbb.com,Female,9.193.22.220
542,Roseanne,Worwood,rworwoodf1@paginegialle.it,Female,217.210.50.45
543,Nikolai,Limming,nlimmingf2@goo.gl,Male,1.65.250.28
544,Nady,Rubertis,nrubertisf3@ft.com,Female,231.10.228.132
545,Bessie,Benet,bbenetf4@tiny.cc,Female,117.34.95.174
546,Malinde,Bugdell,mbugdellf5@homestead.com,Female,123.88.130.14
547,Shayla,Brockhouse,sbrockhousef6@whitehouse.gov,Female,33.184.3.68
548,Dunn,Liley,dlileyf7@360.cn,Male,3.91.226.117
549,,,,,
550,Upton,O'Hare,uoharef9@over-blog.com,Male,209.0.87.204
551,Raymund,Pocock,rpocockfa@reference.com,Male,167.201.139.154
552,Delcina,Varren,dvarrenfb@rakuten.co.jp,Female,213.141.220.246
553,Ethelind,Riccard,ericcardfc@sfgate.com,Female,12.218.92.183
554,Hailee,Gobolos,hgobolosfd@woothemes.com,Female,7.119.241.131
555,Heidie,Pennigar,hpennigarfe@cisco.com,Female,0.209.45.210
556,Timothee,Heilds,theildsff@netvibes.com,Male,196.105.20.220
557,Karlis,Marishenko,kmarishenkofg@foxnews.com,Male,203.222.246.74
558,Izabel,Woodfin,iwoodfinfh@a8.net,Female,138.93.20.35
559,Davis,De Gowe,ddegowefi@joomla.org,Male,109.74.36.140
560,Aurelie,Jandak,ajandakfj@amazon.de,Female,64.24.221.239
561,Nollie,Dearn,ndearnfk@abc.net.au,Male,0.193.255.130
562,Drona,Bows,dbowsfl@apache.org,Female,209.216.230.14
563,Joey,Peto,jpetofm@ocn.ne.jp,Male,129.247.227.77
564,,,,,
565,Estell,Frizell,efrizellfo@scribd.com,Female,166.210.147.159
566,,,,,
567,Myles,Caldecutt,mcaldecuttfq@paginegialle.it,Male,190.76.78.117
568,Ermina,Dutnell,edutnellfr@mediafire.com,Female,224.135.96.194
569,Neddy,Bewshire,nbewshirefs@npr.org,Male,71.23.144.237
570,Sascha,Fallon,sfallonft@vistaprint.com,Male,245.199.150.172
571,Emelen,Flintoffe,eflintoffefu@oakley.com,Male,63.19.223.241
572,Iorgos,Jiroutek,ijiroutekfv@army.mil,Male,84.244.201.217
573,Kamila,Oldroyde,koldroydefw@howstuffworks.com,Female,127.0.192.226
574,,,,,
575,Frankie,Largen,flargenfy@dailymail.co.uk,Female,229.164.170.181
576,Ferd,Lethbury,flethburyfz@timesonline.co.uk,Male,47.228.8.232
577,Cassondra,Kelberman,ckelbermang0@google.ca,Female,253.98.205.136
578,Martyn,Blackler,mblacklerg1@dyndns.org,Male,1.75.58.253
579,Stacee,Shardlow,sshardlowg2@nationalgeographic.com,Female,189.205.96.17
580,Gasparo,Sorsbie,gsorsbieg3@bizjournals.com,Male,174.39.78.239
581,Nicki,Kemer,nkemerg4@alibaba.com,Female,136.244.81.158
582,Scottie,Pikesley,spikesleyg5@fastcompany.com,Male,207.249.179.35
583,,,,,
584,Arlena,Castellone,acastelloneg7@yahoo.com,Female,150.152.111.91
585,Cort,Kendell,ckendellg8@ucsd.edu,Male,5.107.131.203
586,Silvanus,Solley,ssolleyg9@yahoo.com,Male,68.126.190.20
587,Teddi,Denley,tdenleyga@myspace.com,Female,189.249.160.211
588,Erinna,Petche,epetchegb@flickr.com,Female,11.14.79.171
589,Kippie,Biddulph,kbiddulphgc@hatena.ne.jp,Male,117.29.15.139
590,Deva,Storrar,dstorrargd@wsj.com,Female,8.145.164.211
591,Lenette,Swoffer,lswofferge@bloglines.com,Female,143.112.219.211
592,Martino,Conway,mconwaygf@wordpress.com,Male,104.52.151.99
593,Florida,Simonelli,fsimonelligg@tripadvisor.com,Female,218.235.188.23
594,Karola,Menlove,kmenlovegh@telegraph.co.uk,Female,16.156.72.165
595,Stephanie,Twyning,stwyninggi@xing.com,Female,126.28.212.186
596,Libbi,Downs,ldownsgj@goo.gl,Female,77.233.157.102
597,Abbye,Borham,aborhamgk@geocities.jp,Female,132.71.16.175
598,Scarlet,Mardle,smardlegl@businesswire.com,Female,152.170.103.21
599,Marilyn,Nolder,mnoldergm@people.com.cn,Female,22.175.87.224
600,Leonelle,Rosebotham,lrosebothamgn@npr.org,Female,155.163.201.31
601,Knox,Cayle,kcaylego@123-reg.co.uk,Male,49.178.234.74
602,,,,,
603,Lester,Avent,laventgq@sina.com.cn,Male,224.217.124.127
604,Dolli,Runsey,drunseygr@livejournal.com,Female,43.18.1.44
605,Evvy,McCusker,emccuskergs@github.io,Female,227.235.41.156
606,,,,,
607,Shina,Kenewell,skenewellgu@tamu.edu,Female,18.58.40.150
608,,,,,
609,Ruy,Easom,reasomgw@bloglines.com,Male,106.104.37.32
610,,,,,
611,Goldina,Perllman,gperllmangy@oaic.gov.au,Female,236.189.34.80
612,Catrina,Yea,cyeagz@tinypic.com,Female,83.8.173.12
613,,,,,
614,Ambrosi,McAw,amcawh1@storify.com,Male,65.186.57.131
615,Flint,Pigne,fpigneh2@csmonitor.com,Male,141.79.37.167
616,,,,,
617,Aprilette,Ledwich,aledwichh4@is.gd,Female,149.10.247.42
618,Bronny,Chapelle,bchapelleh5@wikipedia.org,Male,158.235.189.37
619,,,,,
620,Thurstan,Sherrell,tsherrellh7@seattletimes.com,Male,142.23.65.10
621,Rourke,Aynsley,raynsleyh8@spiegel.de,Male,24.134.220.218
622,Jerrie,Valenta,jvalentah9@google.nl,Female,157.213.250.110
623,Amil,Jemison,ajemisonha@unesco.org,Female,239.167.180.85
624,,,,,
625,,,,,
626,Verene,Malarkey,vmalarkeyhd@discovery.com,Female,136.99.248.122
627,Gram,Dubery,gduberyhe@photobucket.com,Male,158.239.76.242
628,Sean,Barensky,sbarenskyhf@hc360.com,Male,176.40.88.161
629,Granthem,Trevethan,gtrevethanhg@people.com.cn,Male,45.149.99.233
630,Shell,Cooke,scookehh@blogspot.com,Female,87.42.156.238
631,,,,,
632,Kristopher,Hailey,khaileyhj@zdnet.com,Male,19.241.59.247
633,,,,,
634,,,,,
635,Xylia,Caldroni,xcaldronihm@feedburner.com,Female,236.244.138.93
636,Alfi,Greenalf,agreenalfhn@hhs.gov,Female,27.54.99.135
637,Garret,Viscovi,gviscoviho@creativecommons.org,Male,50.248.97.77
638,Marinna,Addeycott,maddeycotthp@altervista.org,Female,160.151.207.57
639,Sonny,Christophe,schristophehq@amazon.co.uk,Female,55.237.63.60
640,Chadd,Vondrak,cvondrakhr@deviantart.com,Male,244.57.0.26
641,Murielle,Moakes,mmoakeshs@europa.eu,Female,240.8.30.39
642,Kearney,Spendley,kspendleyht@bbc.co.uk,Male,207.244.165.174
643,,,,,
644,Putnem,Jerdan,pjerdanhv@mediafire.com,Male,246.205.110.58
645,Hubie,Birdall,hbirdallhw@usda.gov,Male,118.109.7.255
646,Kacey,Juniper,kjuniperhx@businesswire.com,Female,123.183.255.52
647,,,,,
648,Nikolaos,Winser,nwinserhz@mayoclinic.com,Male,236.220.19.12
649,Patrizio,Laydel,playdeli0@dot.gov,Male,150.251.52.167
650,,,,,
651,Bartie,McNeely,bmcneelyi2@blogs.com,Male,8.57.249.45
652,Christabel,Azema,cazemai3@gnu.org,Female,181.233.134.100
653,Emelda,Madden,emaddeni4@oaic.gov.au,Female,198.120.129.125
654,Sarette,Patinkin,spatinkini5@ftc.gov,Female,76.176.239.160
655,Jan,Maddison,jmaddisoni6@bloglovin.com,Female,152.218.132.211
656,,,,,
657,,,,,
658,Christi,Felton,cfeltoni9@chron.com,Female,151.157.233.213
659,,,,,
660,Cinderella,Coneybeare,cconeybeareib@furl.net,Female,38.93.194.65
661,Pryce,Corkett,pcorkettic@github.com,Male,11.157.64.91
662,Missy,Shrimpling,mshrimplingid@amazon.de,Female,169.17.5.137
663,Jodie,Visick,jvisickie@biblegateway.com,Male,60.76.215.29
664,Lucho,Serck,lserckif@livejournal.com,Male,107.113.120.50
665,Menard,Langthorn,mlangthornig@typepad.com,Male,237.252.210.65
666,,,,,
667,Cecile,Berget,cbergetii@foxnews.com,Female,18.91.172.9
668,Dale,O' Concannon,doconcannonij@boston.com,Male,43.90.153.158
669,Zonda,Beardsdale,zbeardsdaleik@sohu.com,Female,107.116.212.239
670,,,,,
671,Zea,McCorry,zmccorryim@bbc.co.uk,Female,173.108.213.35
672,Thedrick,Carnow,tcarnowin@dailymotion.com,Male,82.22.211.175
673,Euell,Danelut,edanelutio@csmonitor.com,Male,37.45.26.40
674,Yorke,Franek,yfranekip@shareasale.com,Male,216.215.82.226
675,Aldis,Kehoe,akehoeiq@php.net,Male,7.182.84.75
676,Humfrey,Butland,hbutlandir@eventbrite.com,Male,240.200.243.92
677,Stanislaus,MacMichael,smacmichaelis@marketwatch.com,Male,250.228.78.55
678,,,,,
679,,,,,
680,,,,,
681,Brenn,Membry,bmembryiw@livejournal.com,Female,176.157.56.212
682,Holden,McDugal,hmcdugalix@etsy.com,Male,241.23.94.16
683,Cyrus,Ducarne,cducarneiy@opensource.org,Male,159.136.28.166
684,Floria,Burder,fburderiz@stumbleupon.com,Female,143.251.138.241
685,,,,,
686,,,,,
687,,,,,
688,Sylvan,Shepperd,sshepperdj3@rambler.ru,Male,229.63.158.180
689,Giff,Garthshore,ggarthshorej4@si.edu,Male,14.23.36.204
690,Tabby,Vasyaev,tvasyaevj5@etsy.com,Male,196.53.150.19
691,,,,,
692,,,,,
693,,,,,
694,Christy,Enderson,cendersonj9@pcworld.com,Male,145.19.0.28
695,,,,,
696,,,,,
697,,,,,
698,Jo-ann,Marder,jmarderjd@opensource.org,Female,8.28.35.39
699,,,,,
700,Trstram,Kuhnel,tkuhneljf@zimbio.com,Male,196.79.141.202
701,Quent,Sandlin,qsandlinjg@mediafire.com,Male,154.233.2.135
702,,,,,
703,Hadleigh,Wilding,hwildingji@wikipedia.org,Male,142.31.58.224
704,,,,,
705,Petronille,Fairchild,pfairchildjk@technorati.com,Female,211.46.16.54
706,,,,,
707,Elana,Laughrey,elaughreyjm@huffingtonpost.com,Female,82.136.59.54
708,,,,,
709,,,,,
710,Carly,Rubinchik,crubinchikjp@blog.com,Female,12.255.230.140
711,,,,,
712,Katey,Arundell,karundelljr@so-net.ne.jp,Female,53.135.81.208
713,Cathlene,Schuricht,cschurichtjs@microsoft.com,Female,75.166.251.12
714,Consolata,Gallear,cgallearjt@liveinternet.ru,Female,148.10.38.163
715,Tobin,Inott,tinottju@livejournal.com,Male,171.255.143.71
716,,,,,
717,Lynnette,Trustrie,ltrustriejw@ning.com,Female,53.56.3.246
718,Etan,Forber,eforberjx@newyorker.com,Male,160.96.186.58
719,Charleen,Wincom,cwincomjy@tumblr.com,Female,245.66.249.234
720,Keenan,McConville,kmcconvillejz@sogou.com,Male,118.180.114.20
721,Shani,Dast,sdastk0@jimdo.com,Female,76.155.103.243
722,,,,,
723,Kiley,Pheazey,kpheazeyk2@dion.ne.jp,Female,87.162.26.206
724,Feodor,Jancik,fjancikk3@parallels.com,Male,246.223.142.249
725,Pete,Blais,pblaisk4@google.cn,Male,57.18.151.248
726,Nessie,Rowett,nrowettk5@ted.com,Female,127.161.211.150
727,Herrick,Janku,hjankuk6@gov.uk,Male,37.203.6.16
728,Saundra,Traynor,straynork7@stumbleupon.com,Female,94.156.173.23
729,,,,,
730,Grant,Lambrecht,glambrechtk9@weebly.com,Male,10.231.11.227
731,Marlin,Arnefield,marnefieldka@cafepress.com,Male,167.12.19.177
732,Iolanthe,Swindells,iswindellskb@altervista.org,Female,58.13.178.228
733,Abran,Huffa,ahuffakc@cloudflare.com,Male,133.76.244.225
734,,,,,
735,Ingmar,Ravens,iravenske@meetup.com,Male,63.84.8.147
736,,,,,
737,Ronnie,Philbin,rphilbinkg@time.com,Female,113.245.134.107
738,,,,,
739,,,,,
740,Walton,Jouanny,wjouannykj@wordpress.org,Male,42.241.2.193
741,Clareta,Verdon,cverdonkk@auda.org.au,Female,133.111.218.170
742,,,,,
743,Mollee,Godber,mgodberkm@businesswire.com,Female,121.85.91.41
744,,,,,
745,Frasco,Mobley,fmobleyko@epa.gov,Male,119.52.23.15
746,,,,,
747,Tabbi,Lofting,tloftingkq@wikispaces.com,Female,240.240.240.207
748,Brock,Kingsman,bkingsmankr@infoseek.co.jp,Male,68.227.237.197
749,Toby,Gaskarth,tgaskarthks@tumblr.com,Male,217.165.96.166
750,Katharine,Begbie,kbegbiekt@usgs.gov,Female,249.193.176.211
751,Caz,Lortzing,clortzingku@toplist.cz,Male,220.24.47.170
752,Perri,Von Salzberg,pvonsalzbergkv@ezinearticles.com,Female,176.147.17.193
753,Dinny,Helstrom,dhelstromkw@sogou.com,Female,11.147.242.24
754,Siusan,Cudworth,scudworthkx@myspace.com,Female,70.53.123.153
755,Terrence,Harmston,tharmstonky@biglobe.ne.jp,Male,142.222.69.252
756,,,,,
757,,,,,
758,Tova,Bridgewood,tbridgewoodl1@guardian.co.uk,Female,35.215.245.62
759,Teirtza,Asser,tasserl2@nasa.gov,Female,48.125.139.115
760,Giordano,Dooman,gdoomanl3@blogger.com,Male,36.4.152.61
761,Riva,Semmens,rsemmensl4@desdev.cn,Female,126.218.115.161
762,Scotty,Rentelll,srentellll5@psu.edu,Male,216.229.182.182
763,Arlene,Janaud,ajanaudl6@nasa.gov,Female,220.59.45.255
764,Woody,Gofton,wgoftonl7@nasa.gov,Male,105.37.170.164
765,Edi,Rylett,erylettl8@fotki.com,Female,113.25.183.133
766,,,,,
767,Jere,Annakin,jannakinla@mysql.com,Female,204.219.69.83
768,Fraze,Barsham,fbarshamlb@discovery.com,Male,213.106.216.17
769,Clerc,Stout,cstoutlc@reference.com,Male,105.86.231.127
770,Kary,Darque,kdarqueld@accuweather.com,Female,155.247.158.41
771,Jeanine,Bonfield,jbonfieldle@odnoklassniki.ru,Female,168.124.179.74
772,,,,,
773,Galen,Haxbie,ghaxbielg@bizjournals.com,Male,154.149.126.81
774,,,,,
775,Dulcea,Iveagh,diveaghli@360.cn,Female,174.221.34.71
776,Odetta,Stedall,ostedalllj@qq.com,Female,7.10.233.72
777,Parnell,Hamblin,phamblinlk@tinyurl.com,Male,101.176.120.154
778,Ignacio,Hughes,ihughesll@salon.com,Male,254.61.159.206
779,Malcolm,Leeves,mleeveslm@amazon.co.jp,Male,134.86.153.139
780,Augusto,Twelvetrees,atwelvetreesln@diigo.com,Male,195.85.71.252
781,Christi,Aime,caimelo@google.ca,Female,221.229.202.72
782,Stephannie,Stoving,sstovinglp@meetup.com,Female,214.20.128.131
783,Virgilio,Dawltrey,vdawltreylq@oracle.com,Male,95.200.48.145
784,Libbi,Ducroe,lducroelr@theatlantic.com,Female,225.38.214.180
785,Kiele,Garrett,kgarrettls@yelp.com,Female,208.218.57.169
786,Geoff,Hartnell,ghartnelllt@umich.edu,Male,102.6.79.164
787,Margareta,Ruscoe,mruscoelu@mediafire.com,Female,234.96.194.118
788,Ferdy,Cammack,fcammacklv@bloglines.com,Male,94.49.243.38
789,,,,,
790,Kennith,Cartledge,kcartledgelx@altervista.org,Male,122.90.213.10
791,Janet,Ashmole,jashmolely@examiner.com,Female,61.2.166.39
792,Frederic,Edeler,fedelerlz@hostgator.com,Male,63.155.244.45
793,Alvis,Whittam,awhittamm0@newyorker.com,Male,199.47.205.85
794,Merv,Jessop,mjessopm1@macromedia.com,Male,196.67.55.231
795,,,,,
796,Desdemona,Clemot,dclemotm3@sciencedaily.com,Female,215.97.214.72
797,Matt,Guilbert,mguilbertm4@patch.com,Male,55.216.233.2
798,Stanford,Mathiassen,smathiassenm5@a8.net,Male,233.63.212.25
799,Edgardo,Slyde,eslydem6@oaic.gov.au,Male,190.78.182.0
800,Jaimie,Lackinton,jlackintonm7@ehow.com,Female,188.155.189.164
801,Carolee,Du Fray,cdufraym8@aol.com,Female,89.117.39.84
802,Kristan,Feldon,kfeldonm9@home.pl,Female,127.8.255.139
803,,,,,
804,Joli,Mayhow,jmayhowmb@surveymonkey.com,Female,74.198.29.1
805,Costa,Ashpole,cashpolemc@sourceforge.net,Male,242.199.99.94
806,Issiah,Senescall,isenescallmd@over-blog.com,Male,177.151.214.79
807,Bren,Roz,brozme@ameblo.jp,Male,161.191.45.131
808,,,,,
809,Joe,Ford,jfordmg@mail.ru,Male,185.67.83.108
810,Glenna,Allebone,gallebonemh@biblegateway.com,Female,200.160.48.12
811,,,,,
812,Alikee,Bailes,abailesmj@multiply.com,Female,8.189.176.231
813,Zena,Poure,zpouremk@mozilla.com,Female,169.222.44.227
814,Dalis,Challender,dchallenderml@networkadvertising.org,Male,129.62.119.15
815,Goran,Cutmere,gcutmeremm@earthlink.net,Male,142.175.165.166
816,,,,,
817,,,,,
818,Linc,Connew,lconnewmp@unicef.org,Male,176.66.115.140
819,,,,,
820,,,,,
821,Garrek,Heffy,gheffyms@woothemes.com,Male,190.91.135.139
822,Chelsy,Grammer,cgrammermt@google.pl,Female,225.75.164.239
823,,,,,
824,Guinna,Hirth,ghirthmv@freewebs.com,Female,90.45.250.34
825,Kat,Dible,kdiblemw@istockphoto.com,Female,63.122.49.229
826,Devonne,Romanetti,dromanettimx@yolasite.com,Female,101.191.14.162
827,Raquela,Navarijo,rnavarijomy@cpanel.net,Female,2.251.186.111
828,Kata,Valance,kvalancemz@admin.ch,Female,183.216.151.182
829,Hyacinth,Bellows,hbellowsn0@theguardian.com,Female,245.28.15.137
830,,,,,
831,,,,,
832,Waylin,Hlavecek,whlavecekn3@taobao.com,Male,165.82.206.35
833,Nikkie,Mellmer,nmellmern4@weather.com,Female,251.89.99.29
834,Gilberto,Mulleary,gmullearyn5@google.com.br,Male,175.102.225.166
835,Merrily,Bonde,mbonden6@freewebs.com,Female,12.202.164.25
836,Saudra,Fireman,sfiremann7@timesonline.co.uk,Female,49.67.234.82
837,Berkley,Skillicorn,bskillicornn8@buzzfeed.com,Male,68.254.49.251
838,Vlad,Tales,vtalesn9@storify.com,Male,36.45.27.255
839,Lyndsay,Kuna,lkunana@slideshare.net,Female,232.161.190.193
840,Devan,Caverhill,dcaverhillnb@reference.com,Female,197.132.18.21
841,Tirrell,Cornillot,tcornillotnc@51.la,Male,190.156.142.237
842,Neron,Scutchings,nscutchingsnd@sbwire.com,Male,114.41.166.27
843,Lowe,Dunkerton,ldunkertonne@alibaba.com,Male,158.87.153.138
844,Ethelda,Hailes,ehailesnf@umich.edu,Female,171.253.141.44
845,Bertrand,Horsell,bhorsellng@ycombinator.com,Male,29.133.42.152
846,Wandis,Grundon,wgrundonnh@aol.com,Female,10.105.152.248
847,Raddy,Tessington,rtessingtonni@geocities.com,Male,75.250.169.190
848,,,,,
849,Mirabella,Treske,mtreskenk@apache.org,Female,44.51.246.129
850,,,,,
851,,,,,
852,Helenelizabeth,Thunders,hthundersnn@wikia.com,Female,52.211.163.3
853,Zsazsa,Issacson,zissacsonno@parallels.com,Female,251.143.31.181
854,Magda,Larret,mlarretnp@trellian.com,Female,68.194.244.114
855,Natassia,Pratchett,npratchettnq@hubpages.com,Female,160.37.163.98
856,,,,,
857,Blaire,Naptin,bnaptinns@behance.net,Female,206.135.27.174
858,Herman,Cliburn,hcliburnnt@soup.io,Male,128.224.86.92
859,Bronnie,Kobierzycki,bkobierzyckinu@etsy.com,Male,155.33.101.100
860,Meredith,Duesbury,mduesburynv@arstechnica.com,Female,187.232.145.11
861,Ivar,Mackriell,imackriellnw@smugmug.com,Male,197.140.67.136
862,,,,,
863,Amandi,Dimeloe,adimeloeny@house.gov,Female,81.84.165.84
864,Phil,Tubby,ptubbynz@sciencedirect.com,Male,102.77.26.79
865,Myrtie,Blaasch,mblaascho0@edublogs.org,Female,34.200.20.244
866,Estel,Barnaby,ebarnabyo1@yandex.ru,Female,232.174.86.75
867,Britteny,Gibbett,bgibbetto2@123-reg.co.uk,Female,178.150.111.230
868,Jephthah,Rowlett,jrowletto3@ucsd.edu,Male,28.87.183.58
869,Carolyn,Armstrong,carmstrongo4@reference.com,Female,143.113.33.146
870,Timothee,Dyerson,tdyersono5@vkontakte.ru,Male,64.159.171.211
871,Orlando,Aldwinckle,oaldwinckleo6@alexa.com,Male,195.54.4.232
872,Emalee,Houlaghan,ehoulaghano7@si.edu,Female,65.83.228.31
873,Chrotoem,Grissett,cgrissetto8@weibo.com,Male,22.31.241.18
874,Isiahi,Brandon,ibrandono9@kickstarter.com,Male,130.216.174.149
875,Montague,Skelbeck,mskelbeckoa@dedecms.com,Male,247.229.140.165
876,,,,,
877,Carrie,Speachley,cspeachleyoc@un.org,Female,228.30.204.35
878,Fanni,Delagnes,fdelagnesod@icq.com,Female,78.168.197.155
879,,,,,
880,,,,,
881,Doloritas,Spiaggia,dspiaggiaog@smugmug.com,Female,132.161.205.188
882,,,,,
883,Lesya,Gostage,lgostageoi@google.pl,Female,85.64.31.117
884,Raddie,Cestard,rcestardoj@zdnet.com,Male,230.196.228.128
885,Griz,Starkey,gstarkeyok@nyu.edu,Male,11.235.128.79
886,Christos,Van't Hoff,cvanthoffol@fotki.com,Male,220.132.247.98
887,Harli,Vigours,hvigoursom@addtoany.com,Female,27.114.153.246
888,Josias,Varnam,jvarnamon@netvibes.com,Male,19.116.183.16
889,,,,,
890,Cody,Orred,corredop@dell.com,Male,150.14.98.20
891,Janene,Vearncomb,jvearncomboq@webnode.com,Female,72.80.239.196
892,Emmalyn,Dabes,edabesor@typepad.com,Female,245.91.3.57
893,,,,,
894,Kliment,Benoey,kbenoeyot@spotify.com,Male,163.186.127.125
895,Josepha,Grieg,jgriegou@discovery.com,Female,23.240.66.144
896,,,,,
897,Dane,Alsford,dalsfordow@usda.gov,Male,139.24.118.52
898,Diana,Gavigan,dgaviganox@thetimes.co.uk,Female,234.192.226.50
899,Roddie,Devanny,rdevannyoy@princeton.edu,Male,210.3.180.90
900,,,,,
901,Jordanna,Lukianov,jlukianovp0@dot.gov,Female,90.77.88.138
902,Eugenio,Olivie,eoliviep1@nydailynews.com,Male,208.178.10.111
903,,,,,
904,Annmaria,Tuddall,atuddallp3@dailymail.co.uk,Female,246.216.114.67
905,Durant,Wonter,dwonterp4@miibeian.gov.cn,Male,149.92.65.182
906,,,,,
907,Rik,Millward,rmillwardp6@cnbc.com,Male,142.186.252.160
908,Mariann,Sertin,msertinp7@walmart.com,Female,106.145.111.247
909,Claudell,Giscken,cgisckenp8@salon.com,Male,252.239.204.110
910,Ambur,Lernihan,alernihanp9@java.com,Female,249.207.104.131
911,Vivie,Whithorn,vwhithornpa@dedecms.com,Female,226.42.251.149
912,,,,,
913,Kris,Brameld,kbrameldpc@is.gd,Male,69.163.137.211
914,Peder,Ellison,pellisonpd@ox.ac.uk,Male,81.38.59.78
915,Kesley,Paoli,kpaolipe@sitemeter.com,Female,50.97.122.45
916,Moina,Horsewood,mhorsewoodpf@cpanel.net,Female,26.36.45.43
917,Andriana,Kielt,akieltpg@hatena.ne.jp,Female,156.43.218.248
918,,,,,
919,Matt,Dowley,mdowleypi@nationalgeographic.com,Male,135.250.127.235
920,,,,,
921,,,,,
922,,,,,
923,,,,,
924,Stormi,Groomebridge,sgroomebridgepn@ftc.gov,Female,154.106.23.183
925,Hartley,Raselles,hrasellespo@state.tx.us,Male,47.209.179.146
926,Delphine,Ioselev,dioselevpp@guardian.co.uk,Female,12.176.179.168
927,Alexandro,McBrearty,amcbreartypq@paypal.com,Male,119.64.131.154
928,Liane,Gladdolph,lgladdolphpr@digg.com,Female,239.83.232.208
929,Gnni,Bloxsom,gbloxsomps@japanpost.jp,Female,49.46.26.43
930,,,,,
931,Maria,Tidbury,mtidburypu@discovery.com,Female,50.199.0.249
932,Mercy,Beldon,mbeldonpv@cisco.com,Female,76.226.17.172
933,Noemi,Blaydon,nblaydonpw@flavors.me,Female,5.81.136.163
934,Rhodie,Vaughan-Hughes,rvaughanhughespx@mediafire.com,Female,42.188.5.243
935,Bar,Heindrick,bheindrickpy@pagesperso-orange.fr,Male,185.220.139.27
936,Dore,Beynon,dbeynonpz@ustream.tv,Female,57.173.121.113
937,Langston,McCrainor,lmccrainorq0@amazon.com,Male,140.187.176.196
938,Barthel,Scotson,bscotsonq1@sina.com.cn,Male,117.20.100.223
939,Lennie,Chartres,lchartresq2@springer.com,Male,20.205.67.215
940,Maritsa,Wanell,mwanellq3@purevolume.com,Female,83.215.35.17
941,Marleah,Bazely,mbazelyq4@java.com,Female,97.27.133.20
942,Rosie,Blades,rbladesq5@timesonline.co.uk,Female,52.75.237.10
943,,,,,
944,Rosaline,Mundow,rmundowq7@stanford.edu,Female,99.197.130.204
945,Ibbie,Renouf,irenoufq8@yale.edu,Female,162.76.15.22
946,Mordecai,Keoghan,mkeoghanq9@sphinn.com,Male,22.249.214.186
947,Moyna,Hulke,mhulkeqa@hhs.gov,Female,161.188.116.94
948,,,,,
949,,,,,
950,Con,Behling,cbehlingqd@go.com,Male,147.33.168.201
951,Duff,Adamson,dadamsonqe@devhub.com,Male,11.106.41.164
952,,,,,
953,Serge,Martineau,smartineauqg@mysql.com,Male,79.37.126.79
954,Orly,Ivanyushin,oivanyushinqh@google.com.hk,Female,164.167.131.182
955,Gerty,Evanson,gevansonqi@networkadvertising.org,Female,137.153.107.254
956,,,,,
957,Shantee,Mounter,smounterqk@patch.com,Female,245.75.168.109
958,,,,,
959,Arabella,Royle,aroyleqm@gmpg.org,Female,153.112.190.95
960,,,,,
961,Flinn,Pace,fpaceqo@ocn.ne.jp,Male,241.71.144.94
962,Bryn,Wozencraft,bwozencraftqp@barnesandnoble.com,Female,220.54.223.85
963,Godfrey,Aleksankin,galeksankinqq@unc.edu,Male,251.81.221.167
964,Bobbee,Quartley,bquartleyqr@themeforest.net,Female,246.205.225.88
965,,,,,
966,Jerald,Spinage,jspinageqt@bing.com,Male,26.170.152.103
967,,,,,
968,,,,,
969,Loren,Bumfrey,lbumfreyqw@1und1.de,Male,169.74.243.115
970,Falkner,Bunhill,fbunhillqx@linkedin.com,Male,10.201.138.131
971,Glenden,Andrusov,gandrusovqy@sohu.com,Male,255.144.239.91
972,Augustus,Benjamin,abenjaminqz@privacy.gov.au,Male,8.94.240.200
973,,,,,
974,Welbie,Gammidge,wgammidger1@dropbox.com,Male,187.104.60.22
975,,,,,
976,Harrison,Boniface,hbonifacer3@nhs.uk,Male,0.225.252.45
977,,,,,
978,,,,,
979,,,,,
980,Katrinka,Deller,kdellerr7@ted.com,Female,42.137.9.180
981,Abbot,Digg,adiggr8@nifty.com,Male,120.226.117.220
982,Garrot,Filpo,gfilpor9@discuz.net,Male,192.100.105.66
983,,,,,
984,Dino,Benedit,dbeneditrb@nih.gov,Male,190.227.94.37
985,Odette,Wildes,owildesrc@dagondesign.com,Female,36.150.150.243
986,Ara,Shirer,ashirerrd@so-net.ne.jp,Female,146.198.77.224
987,Adamo,Dowsey,adowseyre@addtoany.com,Male,6.102.62.134
988,Quinta,Chastagnier,qchastagnierrf@sourceforge.net,Female,49.247.47.233
989,,,,,
990,Rosabella,Blockey,rblockeyrh@chron.com,Female,50.214.222.51
991,Rois,Maidlow,rmaidlowri@cbsnews.com,Female,187.27.147.163
992,Larina,Agiolfinger,lagiolfingerrj@ibm.com,Female,153.251.112.149
993,Erasmus,McCahey,emccaheyrk@mysql.com,Male,168.227.165.67
994,Haydon,Cutts,hcuttsrl@usnews.com,Male,186.252.147.135
995,Johnathon,Oliveti,jolivetirm@wikia.com,Male,56.118.84.54
996,Cozmo,Early,cearlyrn@techcrunch.com,Male,103.64.183.22
997,Romeo,Roberti,rrobertiro@smugmug.com,Male,166.180.240.136
998,Reidar,Eberz,reberzrp@instagram.com,Male,26.87.140.59
999,Everett,Mereweather,emereweatherrq@twitpic.com,Male,168.8.77.201
1000,,,,,
