id,first_name,last_name,email,gender,ip_address
1,Cris,Newbury,cnewbury0@zimbio.com,Male,3.82.234.9
2,Ludvig,Edowes,ledowes1@networkadvertising.org,Male,211.16.116.246
3,Alonzo,Batchelar,abatchelar2@barnesandnoble.com,Male,67.252.191.130
4,Bruno,Memmory,bmemmory3@yellowpages.com,Male,18.108.85.154
5,Zack,Rainard,zrainard4@fotki.com,Male,230.29.194.31
6,Coral,Mowsley,cmowsley5@twitpic.com,Female,93.170.177.201
7,Hilton,O'Hederscoll,hohederscoll6@fda.gov,Male,181.67.174.28
8,Alie,Salazar,asalazar7@people.com.cn,Female,179.200.142.185
9,Paulie,Adriano,padriano8@surveymonkey.com,Male,159.120.208.70
10,Lillian,Garey,lgarey9@craigslist.org,Female,41.44.121.64
11,Joshia,Toretta,jtorettaa@sourceforge.net,Male,108.115.219.198
12,Piper,Guerriero,pguerrierob@newyorker.com,Female,239.78.71.137
13,Ilyse,Liffey,iliffeyc@admin.ch,Female,104.177.200.122
14,Marieann,Full,mfulld@cmu.edu,Female,171.35.94.62
15,Ashby,McAllaster,amcallastere@nymag.com,Male,185.119.198.50
16,Martina,Ibert,mibertf@who.int,Female,33.199.127.10
17,Clarance,Itzkovitch,citzkovitchg@samsung.com,Male,144.77.124.147
18,Dino,Stollsteiner,dstollsteinerh@miibeian.gov.cn,Male,175.40.121.49
19,Jerrold,Ivory,jivoryi@theglobeandmail.com,Male,99.140.172.94
20,Wilfrid,Aspinell,waspinellj@chicagotribune.com,Male,62.85.149.171
21,Walton,McKinless,wmckinlessk@shareasale.com,Male,179.82.46.33
22,Jaquelyn,Rosier,jrosierl@europa.eu,Female,163.116.225.22
23,Carlyle,Preene,cpreenem@360.cn,Male,230.98.193.76
24,Vaclav,Victory,vvictoryn@newsvine.com,Male,124.237.172.154
25,Adelaida,McCuaig,amccuaigo@myspace.com,Female,209.104.178.174
26,Natty,Campione,ncampionep@mediafire.com,Female,205.10.31.51
27,Thaxter,Toquet,ttoquetq@jimdo.com,Male,208.152.161.137
28,Jenine,Benne,jbenner@seattletimes.com,Female,49.153.173.68
29,Archibald,Weafer,aweafers@feedburner.com,Male,231.59.200.225
30,Arabele,Faro,afarot@liveinternet.ru,Female,204.25.166.205
31,Shelton,Fennelow,sfennelowu@timesonline.co.uk,Male,90.76.63.92
32,Nelly,Di Frisco,ndifriscov@zdnet.com,Female,1.135.123.235
33,Vaughan,Hosten,vhostenw@blinklist.com,Male,156.187.24.200
34,Worthy,Welland,wwellandx@redcross.org,Male,125.143.251.189
35,Ethelind,Vowden,evowdeny@intel.com,Female,45.140.200.25
36,Nina,Tunnacliffe,ntunnacliffez@dailymail.co.uk,Female,239.198.191.47
37,Merrill,Christie,mchristie10@addthis.com,Female,150.13.218.123
38,Ryan,Mc Carrick,rmccarrick11@harvard.edu,Male,100.241.135.182
39,Barbie,Gossage,bgossage12@foxnews.com,Female,195.144.76.102
40,Tobye,Tedahl,ttedahl13@google.it,Female,40.193.198.105
41,Rivy,Rosberg,rrosberg14@fda.gov,Female,75.158.18.200
42,Peggy,Pembery,ppembery15@google.es,Female,186.3.226.130
43,Daniella,Meriott,dmeriott16@webs.com,Female,45.255.33.109
44,Cleon,Marages,cmarages17@marriott.com,Male,253.109.226.72
45,Nollie,Wilby,nwilby18@google.com.br,Male,253.234.101.243
46,Quinn,Ervine,qervine19@tinyurl.com,Male,0.35.105.105
47,Reinwald,Goucher,rgoucher1a@com.com,Male,181.159.70.4
48,Karia,Sigmund,ksigmund1b@hc360.com,Female,52.218.174.35
49,Susannah,Critoph,scritoph1c@canalblog.com,Female,53.81.72.60
50,Cora,Hartin,chartin1d@ucsd.edu,Female,145.211.111.200
51,Derick,Brownlie,dbrownlie1e@mit.edu,Male,178.177.136.143
52,Berni,Jurn,bjurn1f@facebook.com,Female,9.203.103.239
53,Debby,Cristofanini,dcristofanini1g@pcworld.com,Female,210.234.59.173
54,Wyatt,Creyke,wcreyke1h@webeden.co.uk,Male,51.63.27.150
55,Caprice,Sedgman,csedgman1i@nasa.gov,Female,6.159.84.173
56,Arri,O'Scanlan,aoscanlan1j@1und1.de,Male,76.54.68.163
57,Cornelia,Oherlihy,coherlihy1k@irs.gov,Female,245.64.153.71
58,Harwilll,Roddan,hroddan1l@issuu.com,Male,34.196.233.60
59,Sonnnie,Seaward,sseaward1m@princeton.edu,Female,234.25.183.70
60,Riccardo,Drexel,rdrexel1n@independent.co.uk,Male,181.220.221.77
61,Vonnie,Bachelor,vbachelor1o@vkontakte.ru,Female,44.168.175.32
62,Levon,Demkowicz,ldemkowicz1p@t-online.de,Male,110.185.76.251
63,Consuela,Ovitz,covitz1q@house.gov,Female,247.18.242.87
64,Purcell,Ambrozik,pambrozik1r@aol.com,Male,212.62.188.107
65,Bennie,Jerome,bjerome1s@edublogs.org,Female,223.57.62.236
66,Wiley,Banghe,wbanghe1t@apache.org,Male,63.138.225.232
67,Penny,Sewill,psewill1u@cloudflare.com,Male,48.170.194.243
68,Cull,Covell,ccovell1v@boston.com,Male,29.252.31.91
69,Nelle,Mannagh,nmannagh1w@webmd.com,Female,10.39.63.129
70,Kenny,Rosenauer,krosenauer1x@arstechnica.com,Male,50.101.163.96
71,Care,Walrond,cwalrond1y@so-net.ne.jp,Male,147.107.113.136
72,Birgit,Leeuwerink,bleeuwerink1z@a8.net,Female,69.78.198.104
73,Merilee,Edyson,medyson20@europa.eu,Female,68.150.125.17
74,Hubey,Joanaud,hjoanaud21@twitter.com,Male,254.49.165.121
75,Zedekiah,Lawrence,zlawrence22@purevolume.com,Male,71.9.171.122
76,Sven,Saveall,ssaveall23@ibm.com,Male,216.56.69.200
77,Dyane,Duchatel,dduchatel24@last.fm,Female,107.157.55.240
78,Shannon,Hoggins,shoggins25@earthlink.net,Female,72.55.193.200
79,Anitra,Leimster,aleimster26@illinois.edu,Female,71.180.52.147
80,Laurella,Gawen,lgawen27@hostgator.com,Female,86.92.30.217
81,Emiline,Screach,escreach28@wunderground.com,Female,61.98.241.129
82,Tore,Martinello,tmartinello29@tiny.cc,Male,205.233.14.10
83,Herschel,Downing,hdowning2a@merriam-webster.com,Male,48.71.174.203
84,Zuzana,Bardey,zbardey2b@slashdot.org,Female,143.244.172.239
85,Case,Sokill,csokill2c@skyrock.com,Male,59.187.198.123
86,Isis,Vann,ivann2d@163.com,Female,116.158.121.204
87,Parnell,Stables,pstables2e@gmpg.org,Male,27.213.2.139
88,Daisy,Oen,doen2f@imdb.com,Female,73.42.130.249
89,Ainsley,Truett,atruett2g@drupal.org,Female,3.236.37.232
90,Lisetta,Caudle,lcaudle2h@amazonaws.com,Female,231.2.18.234
91,Ken,Stryde,kstryde2i@buzzfeed.com,Male,84.180.100.252
92,Emmeline,Blowfelde,eblowfelde2j@google.co.uk,Female,7.79.5.28
93,Webb,Joutapaitis,wjoutapaitis2k@cam.ac.uk,Male,79.48.37.246
94,Lezlie,Yurkevich,lyurkevich2l@cloudflare.com,Female,43.129.51.56
95,Jerrold,Joselin,jjoselin2m@squidoo.com,Male,34.74.195.35
96,Dulcea,Cotman,dcotman2n@yelp.com,Female,136.220.209.101
97,Dorolice,Andretti,dandretti2o@51.la,Female,111.162.29.65
98,Rubia,Lourenco,rlourenco2p@opera.com,Female,180.52.94.25
99,Dani,Worrall,dworrall2q@ask.com,Female,122.69.51.186
100,Thea,Nyssens,tnyssens2r@de.vu,Female,179.83.176.56
101,Kiele,Lammertz,klammertz2s@gizmodo.com,Female,66.65.63.129
102,Madeleine,Willimot,mwillimot2t@google.com.au,Female,125.119.156.19
103,Hilliard,Albiston,halbiston2u@npr.org,Male,22.140.141.217
104,Biddie,Piatek,bpiatek2v@bravesites.com,Female,172.235.94.28
105,Redford,Lafond,rlafond2w@cam.ac.uk,Male,75.229.222.53
106,Sonny,Meriott,smeriott2x@theatlantic.com,Female,32.145.167.43
107,Elli,Lilywhite,elilywhite2y@imageshack.us,Female,158.226.52.14
108,Analise,Webbe,awebbe2z@instagram.com,Female,38.4.0.255
109,Andris,McGrale,amcgrale30@uol.com.br,Male,136.207.171.128
110,Karee,Peniello,kpeniello31@multiply.com,Female,169.133.59.90
111,Lenora,Bielefeld,lbielefeld32@prweb.com,Female,118.29.182.73
112,Georges,Rudinger,grudinger33@businessweek.com,Male,223.87.27.237
113,Maia,Adnam,madnam34@prnewswire.com,Female,120.105.90.177
114,Meta,Aylwin,maylwin35@omniture.com,Female,19.182.151.181
115,Nellie,Petticrow,npetticrow36@biglobe.ne.jp,Female,43.93.127.99
116,Merill,Cowlam,mcowlam37@imgur.com,Male,179.221.167.167
117,Alexandrina,Glowinski,aglowinski38@exblog.jp,Female,2.230.199.123
118,Bronny,Scally,bscally39@bbc.co.uk,Male,168.220.214.72
119,Farrand,Sabbins,fsabbins3a@lycos.com,Female,80.89.67.78
120,Carmina,Margiotta,cmargiotta3b@histats.com,Female,25.145.109.29
121,Fredi,Dobel,fdobel3c@chronoengine.com,Female,78.84.204.214
122,Nat,Sweetnam,nsweetnam3d@opensource.org,Female,239.202.190.159
123,Phillis,Neesam,pneesam3e@people.com.cn,Female,95.188.178.241
124,Kendre,Brandel,kbrandel3f@redcross.org,Female,120.26.49.224
125,Davey,Lowin,dlowin3g@lycos.com,Male,97.197.137.189
126,Ad,Maus,amaus3h@networkadvertising.org,Male,228.162.64.22
127,Perry,Liddle,pliddle3i@deviantart.com,Male,6.230.71.158
128,Alyson,Matthius,amatthius3j@vinaora.com,Female,96.103.53.173
129,Eziechiele,Charle,echarle3k@thetimes.co.uk,Male,103.63.96.65
130,Dotti,Waby,dwaby3l@vistaprint.com,Female,245.244.155.177
131,Jolee,Pollastrone,jpollastrone3m@storify.com,Female,225.40.151.152
132,Elvera,Hansana,ehansana3n@liveinternet.ru,Female,184.66.199.55
133,Zorah,Hathorn,zhathorn3o@taobao.com,Female,220.67.75.70
134,Rickie,Bazelle,rbazelle3p@xrea.com,Male,23.173.4.241
135,Rodger,Winslett,rwinslett3q@spotify.com,Male,69.194.90.163
136,Glyn,Westmancoat,gwestmancoat3r@so-net.ne.jp,Male,81.29.18.254
137,Lindsay,Bigby,lbigby3s@buzzfeed.com,Male,227.132.199.159
138,Michal,Alldre,malldre3t@goo.ne.jp,Female,3.222.145.35
139,Jayson,Mullins,jmullins3u@netlog.com,Male,157.152.142.60
140,Sofie,Pyle,spyle3v@sphinn.com,Female,249.178.119.197
141,Noe,McOnie,nmconie3w@digg.com,Male,9.88.55.196
142,Lesly,Koles,lkoles3x@scribd.com,Female,27.136.40.29
143,Liane,Jozsa,ljozsa3y@wikispaces.com,Female,87.214.159.50
144,Ronni,Bonevant,rbonevant3z@pcworld.com,Female,67.162.137.190
145,Milzie,Boseley,mboseley40@opensource.org,Female,118.105.232.87
146,Granger,Alam,galam41@cisco.com,Male,135.217.50.154
147,Rancell,Linder,rlinder42@wired.com,Male,186.25.84.230
148,Red,Jewks,rjewks43@sina.com.cn,Male,20.227.122.22
149,Stephan,Soame,ssoame44@msn.com,Male,251.128.63.167
150,Courtney,Brettell,cbrettell45@cloudflare.com,Male,160.37.119.161
151,Vince,Doolan,vdoolan46@washingtonpost.com,Male,193.80.136.145
152,Ray,Wardingly,rwardingly47@freewebs.com,Male,209.13.139.217
153,Pearce,Mustard,pmustard48@4shared.com,Male,57.139.216.114
154,Jacquenetta,Pensom,jpensom49@qq.com,Female,129.194.54.79
155,Roxine,Hollyman,rhollyman4a@infoseek.co.jp,Female,217.237.158.142
156,Danny,Phalip,dphalip4b@e-recht24.de,Male,176.38.104.232
157,Pepillo,Jubert,pjubert4c@marketwatch.com,Male,230.125.93.94
158,Hagen,Hassewell,hhassewell4d@ca.gov,Male,165.126.7.140
159,Godfry,Kwietak,gkwietak4e@barnesandnoble.com,Male,231.75.61.220
160,Haskell,Chrstine,hchrstine4f@php.net,Male,166.243.82.49
161,Trent,Van T'Hoog,tvanthoog4g@goo.ne.jp,Male,3.28.215.136
162,Gerri,Klain,gklain4h@myspace.com,Male,159.235.92.88
163,Andriana,Stonnell,astonnell4i@sciencedirect.com,Female,42.224.27.37
164,Ashlee,Ridgway,aridgway4j@amazon.de,Female,107.211.61.216
165,Kipp,Elen,kelen4k@statcounter.com,Male,119.149.201.13
166,Marys,Vasyunichev,mvasyunichev4l@loc.gov,Female,6.0.187.99
167,Margalo,Aindrais,maindrais4m@tuttocitta.it,Female,93.193.193.138
168,Jasmine,McIlrath,jmcilrath4n@uiuc.edu,Female,15.29.230.226
169,Erina,Goburn,egoburn4o@huffingtonpost.com,Female,74.94.211.46
170,Kory,McCarly,kmccarly4p@gmpg.org,Male,50.85.44.200
171,Reine,Dewfall,rdewfall4q@thetimes.co.uk,Female,176.67.145.215
172,Debbi,McGivena,dmcgivena4r@guardian.co.uk,Female,215.139.204.91
173,Kenny,Pley,kpley4s@com.com,Male,45.79.40.8
174,Berkie,Baudry,bbaudry4t@earthlink.net,Male,41.96.162.165
175,Armstrong,Roadnight,aroadnight4u@google.cn,Male,125.13.1.70
176,Tomkin,Joan,tjoan4v@slate.com,Male,32.2.172.61
177,Crissy,Gledhall,cgledhall4w@unicef.org,Female,165.199.209.82
178,Abdel,Yuryev,ayuryev4x@gizmodo.com,Male,147.63.75.237
179,Bob,Tylor,btylor4y@mediafire.com,Male,18.119.80.162
180,Kristina,Bulteel,kbulteel4z@ifeng.com,Female,70.40.169.127
181,Melony,Wadham,mwadham50@soup.io,Female,145.207.213.57
182,Arlin,Taile,ataile51@parallels.com,Male,206.143.159.164
183,Aldrich,Piscopiello,apiscopiello52@squarespace.com,Male,166.250.143.0
184,Sutherland,Stave,sstave53@hugedomains.com,Male,101.119.145.244
185,Ephrem,Everitt,eeveritt54@prlog.org,Male,157.61.69.129
186,Janice,Dessant,jdessant55@exblog.jp,Female,74.38.22.167
187,Fancie,Hatz,fhatz56@rakuten.co.jp,Female,221.218.225.190
188,Francisco,Biernat,fbiernat57@google.es,Male,24.194.160.110
189,Egor,Ianiello,eianiello58@istockphoto.com,Male,166.36.21.90
190,Petunia,Tumasian,ptumasian59@xinhuanet.com,Female,75.27.198.64
191,Louie,Morrall,lmorrall5a@cocolog-nifty.com,Male,155.224.217.154
192,Constantine,Latey,clatey5b@ycombinator.com,Female,208.232.15.64
193,Jobie,Blakelock,jblakelock5c@wired.com,Female,171.30.225.71
194,Moselle,Toma,mtoma5d@ihg.com,Female,157.187.38.102
195,Corry,Blackmoor,cblackmoor5e@loc.gov,Female,33.143.28.208
196,Odell,Roscher,oroscher5f@meetup.com,Male,84.35.148.167
197,Saunder,Fairlie,sfairlie5g@unesco.org,Male,36.247.109.70
198,Ardella,Grass,agrass5h@skype.com,Female,78.197.190.73
199,Chaunce,Lawee,clawee5i@yale.edu,Male,33.88.122.168
200,Errick,Borwick,eborwick5j@dailymotion.com,Male,58.81.137.67
201,Chickie,Ruggier,cruggier5k@hibu.com,Female,29.71.149.103
202,Devin,Llorens,dllorens5l@wired.com,Female,106.242.152.189
203,Caprice,Quant,cquant5m@mozilla.org,Female,40.26.22.194
204,Lisbeth,Josey,ljosey5n@nasa.gov,Female,135.119.113.168
205,Melantha,Blagden,mblagden5o@state.gov,Female,14.138.112.92
206,Briney,Totaro,btotaro5p@weibo.com,Female,50.102.173.191
207,Farand,Bennellick,fbennellick5q@vk.com,Female,159.18.9.115
208,Berte,Streeting,bstreeting5r@bizjournals.com,Female,201.202.161.59
209,Kristine,Lembcke,klembcke5s@dell.com,Female,106.10.111.16
210,Libbie,Baysting,lbaysting5t@deliciousdays.com,Female,181.239.104.195
211,Waneta,Richmond,wrichmond5u@odnoklassniki.ru,Female,4.95.63.142
212,Tiena,Bootherstone,tbootherstone5v@google.cn,Female,80.71.116.10
213,Eustace,Ten Broek,etenbroek5w@wikispaces.com,Male,14.248.119.105
214,Jo,Haseldine,jhaseldine5x@ehow.com,Male,52.111.214.255
215,Anica,O'Cannavan,aocannavan5y@qq.com,Female,129.117.169.157
216,Timothy,Hunnisett,thunnisett5z@trellian.com,Male,230.19.54.221
217,Carolus,Doyley,cdoyley60@theguardian.com,Male,131.87.28.212
218,Ariela,Press,apress61@myspace.com,Female,82.208.1.56
219,Waverley,Gidden,wgidden62@forbes.com,Male,164.145.196.37
220,Lindy,Fellibrand,lfellibrand63@telegraph.co.uk,Male,173.110.239.56
221,Wilt,Doctor,wdoctor64@is.gd,Male,181.28.56.159
222,Pincas,Sarvar,psarvar65@bluehost.com,Male,94.187.229.180
223,Noach,Barker,nbarker66@reuters.com,Male,109.66.51.43
224,Gregg,Liptrot,gliptrot67@buzzfeed.com,Male,114.88.11.137
225,Gwenny,Ziemecki,gziemecki68@jigsy.com,Female,180.196.2.222
226,Marty,Arkell,markell69@cbsnews.com,Female,170.207.75.192
227,Hildegaard,Diaper,hdiaper6a@umich.edu,Female,3.59.198.115
228,Harmony,Eiler,heiler6b@discuz.net,Female,127.17.254.53
229,Brena,Vasiltsov,bvasiltsov6c@japanpost.jp,Female,36.14.3.186
230,Gery,Awty,gawty6d@studiopress.com,Male,177.181.16.124
231,Christiane,Clace,cclace6e@opera.com,Female,249.121.219.226
232,Dugald,Dilley,ddilley6f@blog.com,Male,115.139.180.238
233,Ferdie,Kareman,fkareman6g@ebay.co.uk,Male,38.224.172.75
234,Duky,Weeds,dweeds6h@taobao.com,Male,208.98.250.229
235,Marita,Lansbury,mlansbury6i@nsw.gov.au,Female,57.45.194.125
236,Stanly,Castellet,scastellet6j@hatena.ne.jp,Male,151.102.183.243
237,Devland,Terrelly,dterrelly6k@twitter.com,Male,17.248.249.238
238,Cyrus,Gamon,cgamon6l@google.fr,Male,16.98.115.11
239,Gram,Lancastle,glancastle6m@hexun.com,Male,193.96.240.10
240,Wyatt,Stubbe,wstubbe6n@salon.com,Male,221.142.255.231
241,Shandee,Shapter,sshapter6o@geocities.com,Female,212.240.127.106
242,Isabelita,Heare,iheare6p@google.com.au,Female,51.8.55.168
243,Trace,Mourbey,tmourbey6q@addtoany.com,Male,186.139.100.226
244,Meridith,Kopje,mkopje6r@sphinn.com,Female,14.48.173.61
245,Bernie,Eldred,beldred6s@ibm.com,Male,227.129.50.100
246,Waldon,Moreno,wmoreno6t@surveymonkey.com,Male,207.249.199.159
247,Abbe,Robertis,arobertis6u@mysql.com,Male,33.33.76.127
248,Odette,De la Perrelle,odelaperrelle6v@disqus.com,Female,34.87.82.151
249,Jana,Goseling,jgoseling6w@jalbum.net,Female,129.120.136.33
250,Bartlett,Iacovini,biacovini6x@weebly.com,Male,107.19.61.137
251,Odelia,Burn,oburn6y@php.net,Female,59.24.233.74
252,Maggee,Tidridge,mtidridge6z@vimeo.com,Female,31.105.219.209
253,Marchelle,Giacopello,mgiacopello70@odnoklassniki.ru,Female,10.103.91.111
254,Amberly,Gosnay,agosnay71@creativecommons.org,Female,107.138.101.56
255,Hardy,Struis,hstruis72@ebay.com,Male,25.53.161.126
256,Rosalie,Danihel,rdanihel73@merriam-webster.com,Female,86.121.150.229
257,Wolfie,Cuttelar,wcuttelar74@comcast.net,Male,178.173.208.238
258,Barbabra,St. Pierre,bstpierre75@jalbum.net,Female,174.133.247.171
259,Cecil,Bushby,cbushby76@constantcontact.com,Female,41.115.244.12
260,Lula,Gozzard,lgozzard77@livejournal.com,Female,108.229.177.120
261,Eve,Micco,emicco78@php.net,Female,34.148.105.120
262,Filide,Endersby,fendersby79@harvard.edu,Female,116.153.22.133
263,Colene,Wallage,cwallage7a@stumbleupon.com,Female,29.29.127.11
264,Silvana,Ansteys,sansteys7b@hud.gov,Female,60.225.104.24
265,Cosmo,Povele,cpovele7c@theatlantic.com,Male,91.41.193.47
266,Myrle,Lyddy,mlyddy7d@google.com,Female,230.95.206.116
267,Dodi,Dobinson,ddobinson7e@amazonaws.com,Female,8.154.126.150
268,Gibbie,Marney,gmarney7f@vinaora.com,Male,138.106.233.143
269,Burty,Borrill,bborrill7g@addtoany.com,Male,14.37.3.61
270,Fanchette,Wynrehame,fwynrehame7h@bbb.org,Female,81.155.222.197
271,Stephan,Eakeley,seakeley7i@w3.org,Male,188.248.194.203
272,Brit,Danett,bdanett7j@slideshare.net,Female,149.138.175.51
273,Casey,Pidgin,cpidgin7k@1und1.de,Male,91.96.203.61
274,Kathie,Mellonby,kmellonby7l@nifty.com,Female,165.130.212.210
275,Oren,Barts,obarts7m@ask.com,Male,151.252.157.114
276,Dru,Alkins,dalkins7n@archive.org,Male,67.171.75.101
277,Fanchon,Mogra,fmogra7o@icq.com,Female,90.159.81.60
278,Davey,Lorkings,dlorkings7p@amazon.co.uk,Male,244.150.123.233
279,Shanan,Lorne,slorne7q@reuters.com,Male,43.21.61.184
280,Chico,Gunther,cgunther7r@yelp.com,Male,153.185.46.209
281,Alasteir,Milland,amilland7s@google.com.hk,Male,59.249.33.129
282,Lina,Jiggens,ljiggens7t@seesaa.net,Female,158.72.189.179
283,Jade,Ruffle,jruffle7u@aboutads.info,Female,98.29.149.139
284,Gabby,Larmor,glarmor7v@theatlantic.com,Male,124.81.117.181
285,Katharina,Vaudin,kvaudin7w@free.fr,Female,118.214.250.205
286,Lani,Marchi,lmarchi7x@uiuc.edu,Female,165.191.40.204
287,Teodoro,Bleything,tbleything7y@nasa.gov,Male,93.75.206.113
288,Reuben,Carlisle,rcarlisle7z@hexun.com,Male,70.228.227.192
289,Loni,Ladbrooke,lladbrooke80@abc.net.au,Female,116.28.115.217
290,Hadleigh,Mattaser,hmattaser81@paypal.com,Male,63.198.14.42
291,Gwennie,Thaxter,gthaxter82@cnn.com,Female,224.16.90.37
292,Mil,Cawdell,mcawdell83@123-reg.co.uk,Female,246.76.219.236
293,Harriott,Lethcoe,hlethcoe84@state.tx.us,Female,241.50.198.44
294,Jaine,Roze,jroze85@miibeian.gov.cn,Female,54.77.71.233
295,Riva,Adamovicz,radamovicz86@dropbox.com,Female,4.130.142.70
296,Bruce,Aleksandrev,baleksandrev87@eventbrite.com,Male,65.39.253.249
297,Carlos,Buttwell,cbuttwell88@dell.com,Male,64.144.141.56
298,Derrek,Romaynes,dromaynes89@mail.ru,Male,239.217.197.243
299,Giselle,Dewsbury,gdewsbury8a@boston.com,Female,239.72.198.57
300,Raquel,Josefer,rjosefer8b@ucoz.com,Female,4.81.30.88
301,Gardener,Carmo,gcarmo8c@mit.edu,Male,107.168.67.201
302,Alissa,Juza,ajuza8d@fotki.com,Female,138.230.161.243
303,Myra,Godney,mgodney8e@timesonline.co.uk,Female,14.66.248.20
304,Barbie,Hurnell,bhurnell8f@gnu.org,Female,233.231.103.3
305,Ebonee,Denington,edenington8g@tripod.com,Female,166.242.80.114
306,Sonya,Sallinger,ssallinger8h@altervista.org,Female,253.43.226.97
307,Forester,Greatland,fgreatland8i@pcworld.com,Male,239.67.51.135
308,Melita,Lockey,mlockey8j@gmpg.org,Female,65.109.102.194
309,Regina,Cowherd,rcowherd8k@walmart.com,Female,85.72.22.78
310,Cara,Biddell,cbiddell8l@economist.com,Female,93.188.8.68
311,Ring,Rasper,rrasper8m@sina.com.cn,Male,167.239.205.227
312,Maryellen,Mowbury,mmowbury8n@tmall.com,Female,213.157.83.31
313,Darrelle,Chevolleau,dchevolleau8o@spotify.com,Female,159.88.10.189
314,Hyacinth,Sommer,hsommer8p@yolasite.com,Female,185.128.64.240
315,Hermine,Andersch,handersch8q@unicef.org,Female,30.148.255.131
316,Turner,Seyfart,tseyfart8r@domainmarket.com,Male,143.78.116.119
317,Kleon,Dickon,kdickon8s@ow.ly,Male,173.210.109.102
318,Riannon,Sowle,rsowle8t@rakuten.co.jp,Female,134.213.203.200
319,Layne,Whapple,lwhapple8u@digg.com,Female,12.164.141.189
320,Gracia,Iacomini,giacomini8v@ucoz.com,Female,226.150.161.65
321,Aggi,Keynd,akeynd8w@networksolutions.com,Female,91.192.221.183
322,Eldredge,Tommis,etommis8x@slashdot.org,Male,126.78.117.239
323,Murdock,Staniland,mstaniland8y@flickr.com,Male,17.239.138.139
324,Oliver,Wilce,owilce8z@bravesites.com,Male,178.194.78.218
325,Shermie,Lynde,slynde90@loc.gov,Male,38.193.239.84
326,Korey,MacNeilly,kmacneilly91@posterous.com,Male,71.13.212.200
327,Lloyd,MacFie,lmacfie92@tiny.cc,Male,134.114.215.78
328,Ashlie,Brobeck,abrobeck93@sciencedaily.com,Female,133.170.151.148
329,Vanda,Lambal,vlambal94@adobe.com,Female,87.90.161.151
330,Dorisa,Vain,dvain95@constantcontact.com,Female,187.83.239.82
331,Sapphira,Giacobilio,sgiacobilio96@sun.com,Female,34.250.220.230
332,Helge,Pickthorne,hpickthorne97@google.es,Female,232.45.165.146
333,Graeme,Currall,gcurrall98@cdc.gov,Male,12.114.150.162
334,Tally,Lettson,tlettson99@eepurl.com,Female,200.218.100.184
335,Gunther,Pascow,gpascow9a@tinyurl.com,Male,233.152.94.204
336,Noble,Seally,nseally9b@ameblo.jp,Male,238.29.242.225
337,Enrica,Record,erecord9c@un.org,Female,13.56.68.36
338,Kyrstin,Gladbach,kgladbach9d@fema.gov,Female,60.170.85.87
339,Trumaine,Oggers,toggers9e@shutterfly.com,Male,3.163.80.121
340,Jeanette,Sline,jsline9f@jimdo.com,Female,153.138.159.238
341,Inez,Norbury,inorbury9g@mysql.com,Female,58.147.147.134
342,Burton,Garahan,bgarahan9h@scientificamerican.com,Male,125.118.194.175
343,Millard,Matthessen,mmatthessen9i@disqus.com,Male,155.63.46.90
344,Lammond,Dumberrill,ldumberrill9j@soundcloud.com,Male,103.45.27.138
345,Farica,Clarson,fclarson9k@nba.com,Female,244.1.29.251
346,Myrwyn,Darracott,mdarracott9l@taobao.com,Male,143.154.113.154
347,Boonie,Graundisson,bgraundisson9m@columbia.edu,Male,103.56.107.43
348,Avigdor,Coggles,acoggles9n@springer.com,Male,77.208.46.86
349,Falkner,Simmance,fsimmance9o@istockphoto.com,Male,121.89.8.23
350,Sioux,De la Yglesia,sdelayglesia9p@cdbaby.com,Female,82.43.126.118
351,Suzanna,Corkett,scorkett9q@unesco.org,Female,127.139.138.77
352,Desmond,Ferreo,dferreo9r@businessweek.com,Male,32.239.34.78
353,Bernadette,Palffy,bpalffy9s@illinois.edu,Female,36.98.129.198
354,Aron,Tremelling,atremelling9t@mtv.com,Male,253.130.119.191
355,Catherine,Gregori,cgregori9u@google.pl,Female,194.74.64.136
356,Kaela,Bernardot,kbernardot9v@cnet.com,Female,234.239.59.203
357,Emanuele,Woodberry,ewoodberry9w@harvard.edu,Male,78.80.96.242
358,Neal,McClymond,nmcclymond9x@dailymotion.com,Male,91.78.227.144
359,Abagail,Darree,adarree9y@illinois.edu,Female,182.190.220.162
360,Dion,Jagiela,djagiela9z@yelp.com,Male,230.36.38.126
361,Sax,Skuce,sskucea0@paginegialle.it,Male,86.208.194.137
362,Carlen,Hawlgarth,chawlgartha1@kickstarter.com,Female,177.88.221.56
363,Brooke,Hatchell,bhatchella2@miitbeian.gov.cn,Female,232.255.201.207
364,Menard,Spracklin,mspracklina3@bbc.co.uk,Male,218.221.25.173
365,Mikaela,Tranckle,mtrancklea4@fotki.com,Female,199.18.36.238
366,Mohammed,Londing,mlondinga5@simplemachines.org,Male,239.75.174.207
367,Kingsley,Baume,kbaumea6@epa.gov,Male,113.202.64.19
368,Vi,St. Leger,vstlegera7@diigo.com,Female,195.56.193.87
369,Ania,Brothwell,abrothwella8@wordpress.com,Female,194.22.181.200
370,Rob,Rivel,rrivela9@irs.gov,Male,71.66.28.10
371,Karena,Stiegers,kstiegersaa@blinklist.com,Female,242.215.173.5
372,Kimmi,Greenside,kgreensideab@bloomberg.com,Female,40.19.204.163
373,Shayne,Bowditch,sbowditchac@auda.org.au,Male,169.52.114.168
374,Emmott,Mac,emacad@harvard.edu,Male,247.116.118.97
375,Libbi,Versey,lverseyae@jugem.jp,Female,81.199.147.18
376,Philis,Varnals,pvarnalsaf@blinklist.com,Female,98.96.233.189
377,Godwin,Linn,glinnag@1und1.de,Male,128.116.255.24
378,Carol,Yewen,cyewenah@latimes.com,Female,109.149.225.108
379,Flora,Mallion,fmallionai@slideshare.net,Female,1.238.160.51
380,Minta,Sallinger,msallingeraj@joomla.org,Female,149.205.232.16
381,Sher,Yonge,syongeak@netscape.com,Female,244.58.90.103
382,Josefa,Fedorchenko,jfedorchenkoal@telegraph.co.uk,Female,25.79.28.24
383,Cherianne,Koppens,ckoppensam@github.io,Female,56.133.195.27
384,Teresita,Ashman,tashmanan@360.cn,Female,14.45.64.24
385,Garth,Hullbrook,ghullbrookao@webs.com,Male,152.215.72.177
386,Ossie,Kenion,okenionap@zimbio.com,Male,21.81.51.167
387,Veradis,Waiting,vwaitingaq@alibaba.com,Female,23.93.241.228
388,Jacquenette,Caroline,jcarolinear@t.co,Female,79.54.227.118
389,Kendricks,Eathorne,keathorneas@unblog.fr,Male,226.189.243.66
390,Read,Ead,readat@edublogs.org,Male,8.167.104.182
391,Buiron,Lanchberry,blanchberryau@cpanel.net,Male,69.112.36.146
392,Basilius,Caillou,bcaillouav@mit.edu,Male,225.86.34.109
393,Filbert,Lockner,flockneraw@jugem.jp,Male,37.122.197.220
394,Haily,Demaine,hdemaineax@thetimes.co.uk,Female,124.186.133.19
395,Emerson,Nurdin,enurdinay@google.es,Male,113.7.89.16
396,Lucian,Issacoff,lissacoffaz@naver.com,Male,143.213.85.244
397,Opal,Troman,otromanb0@chronoengine.com,Female,120.147.41.117
398,Shirlene,Presnall,spresnallb1@usa.gov,Female,242.254.190.140
399,Amabel,Tyler,atylerb2@bbb.org,Female,36.178.83.23
400,Elden,Rottenbury,erottenburyb3@nationalgeographic.com,Male,198.11.59.122
401,Scotty,Shurville,sshurvilleb4@liveinternet.ru,Male,208.236.37.164
402,Licha,Meedendorpe,lmeedendorpeb5@360.cn,Female,244.153.213.245
403,Saunderson,Creasy,screasyb6@amazon.com,Male,138.134.132.31
404,Bogey,Caw,bcawb7@answers.com,Male,226.91.224.168
405,Raychel,Domengue,rdomengueb8@upenn.edu,Female,131.123.230.68
406,Ronalda,Scothron,rscothronb9@google.com.br,Female,102.248.117.208
407,Jaine,Wishkar,jwishkarba@dyndns.org,Female,192.131.45.248
408,Thea,Trowell,ttrowellbb@sciencedaily.com,Female,44.227.32.137
409,Marjorie,Berggren,mberggrenbc@cafepress.com,Female,83.108.253.252
410,Brooks,Twinn,btwinnbd@hubpages.com,Male,141.69.13.53
411,Ramonda,Cleever,rcleeverbe@multiply.com,Female,213.62.124.255
412,Tadio,Sarch,tsarchbf@wikimedia.org,Male,106.159.155.232
413,Humfrey,Baddow,hbaddowbg@paypal.com,Male,131.85.180.219
414,Yank,Provest,yprovestbh@miitbeian.gov.cn,Male,176.83.162.133
415,Ferdinande,Dionisetto,fdionisettobi@flickr.com,Female,157.222.29.79
416,Goran,MacKeague,gmackeaguebj@theglobeandmail.com,Male,132.230.23.127
417,Ardra,Dickens,adickensbk@pen.io,Female,226.70.121.155
418,Mozelle,Worsley,mworsleybl@wiley.com,Female,187.239.180.70
419,Broddie,Hayball,bhayballbm@ehow.com,Male,99.108.126.178
420,Pearl,Rasell,prasellbn@dyndns.org,Female,200.115.168.172
421,Corie,Samwyse,csamwysebo@xing.com,Female,238.81.24.154
422,Garland,Stutely,gstutelybp@csmonitor.com,Female,170.20.148.163
423,Ailina,Baxendale,abaxendalebq@wp.com,Female,9.50.113.137
424,Emmanuel,Leivers,eleiversbr@blinklist.com,Male,239.107.229.168
425,Jessica,Tollit,jtollitbs@histats.com,Female,253.24.13.206
426,Betty,Kasman,bkasmanbt@tripadvisor.com,Female,146.106.7.172
427,Ninnette,Assender,nassenderbu@walmart.com,Female,74.230.104.219
428,Stephanie,Greder,sgrederbv@quantcast.com,Female,182.135.17.228
429,Corilla,Blasik,cblasikbw@cnbc.com,Female,144.35.254.99
430,Charin,Rollins,crollinsbx@a8.net,Female,101.164.231.230
431,Spencer,MacCroary,smaccroaryby@barnesandnoble.com,Male,65.185.104.84
432,Thia,Chalke,tchalkebz@berkeley.edu,Female,28.161.13.239
433,Kristin,Cardozo,kcardozoc0@elegantthemes.com,Female,202.196.148.99
434,Vinny,Ferrino,vferrinoc1@geocities.com,Male,154.70.200.249
435,Marius,Mickleborough,mmickleboroughc2@ucoz.ru,Male,50.54.169.11
436,Daniele,Shilstone,dshilstonec3@sina.com.cn,Female,228.27.63.246
437,Janos,Stroton,jstrotonc4@csmonitor.com,Male,212.55.47.255
438,Nessi,Butchard,nbutchardc5@theglobeandmail.com,Female,76.236.194.36
439,Panchito,Zelake,pzelakec6@usnews.com,Male,238.84.129.169
440,Skippie,Monkman,smonkmanc7@biglobe.ne.jp,Male,192.54.104.148
441,Everett,Bompass,ebompassc8@wired.com,Male,231.75.106.220
442,Eleonora,Yekel,eyekelc9@cdbaby.com,Female,210.122.182.174
443,Mariska,Guys,mguysca@sfgate.com,Female,120.38.64.110
444,Alleen,de Tocqueville,adetocquevillecb@purevolume.com,Female,222.3.229.194
445,Marlena,Lummis,mlummiscc@wisc.edu,Female,192.199.230.172
446,Casie,Matusson,cmatussoncd@skype.com,Female,41.16.117.90
447,Millie,Boddis,mboddisce@sbwire.com,Female,233.51.208.84
448,Homer,Franey,hfraneycf@nhs.uk,Male,162.157.119.214
449,Chrotoem,Tuison,ctuisoncg@home.pl,Male,132.240.19.64
450,Nydia,Ackermann,nackermannch@wikispaces.com,Female,27.94.188.95
451,Babbette,O'Hickee,bohickeeci@wired.com,Female,161.139.173.127
452,Remington,Cometto,rcomettocj@dot.gov,Male,194.218.24.238
453,Gisele,Klammt,gklammtck@bandcamp.com,Female,235.185.32.170
454,My,McCrillis,mmccrilliscl@gizmodo.com,Male,69.62.142.56
455,Leanora,Auckland,laucklandcm@sciencedirect.com,Female,234.31.124.237
456,Granville,Ravilus,graviluscn@t-online.de,Male,225.255.221.182
457,Geoff,Kaaskooper,gkaaskooperco@sohu.com,Male,244.168.254.253
458,Wes,Housaman,whousamancp@skype.com,Male,125.231.201.123
459,Drona,Millions,dmillionscq@mail.ru,Female,145.123.227.24
460,Marika,Verralls,mverrallscr@blog.com,Female,240.44.118.1
461,Julee,Martinovsky,jmartinovskycs@1688.com,Female,6.41.120.58
462,Beth,Lavers,blaversct@moonfruit.com,Female,72.185.19.57
463,Rustin,Soanes,rsoanescu@yelp.com,Male,160.136.178.232
464,Josias,Sedgwick,jsedgwickcv@accuweather.com,Male,125.205.157.81
465,Dione,Habin,dhabincw@nih.gov,Female,79.227.74.14
466,Dalila,Standing,dstandingcx@sohu.com,Female,159.24.43.176
467,Diarmid,Draude,ddraudecy@xrea.com,Male,254.64.180.61
468,Horace,Hounsome,hhounsomecz@stanford.edu,Male,56.207.44.149
469,Mag,Carwithan,mcarwithand0@fotki.com,Female,115.253.218.202
470,Ali,Davley,adavleyd1@seesaa.net,Female,223.232.198.29
471,Pammie,Aldie,paldied2@ocn.ne.jp,Female,191.47.172.121
472,Lela,Billo,lbillod3@google.it,Female,175.88.182.39
473,Joan,Jinda,jjindad4@example.com,Female,195.216.171.64
474,Morena,Othen,mothend5@cbslocal.com,Female,60.26.72.109
475,Abbye,Gracey,agraceyd6@biblegateway.com,Female,229.187.103.32
476,Randene,Windows,rwindowsd7@wisc.edu,Female,143.180.1.173
477,Justino,Skilton,jskiltond8@nytimes.com,Male,236.143.152.253
478,Brion,Hardaker,bhardakerd9@wordpress.com,Male,133.28.51.97
479,Anna-maria,Eagger,aeaggerda@qq.com,Female,130.44.172.152
480,Felicle,Mattek,fmattekdb@dailymotion.com,Female,127.97.186.77
481,Kelby,Sitwell,ksitwelldc@acquirethisname.com,Male,159.165.212.151
482,Del,Downham,ddownhamdd@techcrunch.com,Male,45.160.249.83
483,Keene,Chaudret,kchaudretde@hhs.gov,Male,28.166.110.21
484,Judas,Very,jverydf@tmall.com,Male,69.221.22.60
485,Rosie,Caslett,rcaslettdg@msu.edu,Female,40.32.64.55
486,Nadine,Gipps,ngippsdh@wsj.com,Female,188.91.65.199
487,Lefty,Currom,lcurromdi@nature.com,Male,233.19.250.22
488,Ralf,Dyet,rdyetdj@scribd.com,Male,229.97.72.77
489,Cosette,Bellchamber,cbellchamberdk@ning.com,Female,44.225.181.153
490,Bondon,Shanks,bshanksdl@people.com.cn,Male,61.130.116.177
491,Drake,Uttley,duttleydm@flavors.me,Male,246.16.232.118
492,Annnora,Hannaway,ahannawaydn@accuweather.com,Female,164.18.61.20
493,Sharona,Salvadore,ssalvadoredo@51.la,Female,221.241.71.200
494,Alec,Liebermann,aliebermanndp@51.la,Male,117.107.133.14
495,Elwood,Wynch,ewynchdq@narod.ru,Male,134.81.176.165
496,Bernie,Guitt,bguittdr@parallels.com,Male,40.149.1.247
497,Aylmer,Jiroutka,ajiroutkads@cnn.com,Male,48.132.186.237
498,Elsworth,Baudesson,ebaudessondt@youtu.be,Male,207.2.136.97
499,Erda,Wesker,eweskerdu@tripod.com,Female,238.108.209.94
500,Aldis,Sturte,asturtedv@google.cn,Male,245.80.96.201
501,Mabelle,Andrick,mandrickdw@spotify.com,Female,189.33.102.130
502,Kary,Couch,kcouchdx@t-online.de,Female,108.62.133.171
503,Reggis,Drabble,rdrabbledy@hao123.com,Male,225.20.25.34
504,Dannie,Cocksedge,dcocksedgedz@cisco.com,Male,223.24.160.198
505,Ramona,Scogings,rscogingse0@gizmodo.com,Female,198.47.193.169
506,Matias,Voase,mvoasee1@nature.com,Male,211.57.6.110
507,Kaja,Kippins,kkippinse2@istockphoto.com,Female,17.185.249.4
508,Woodie,Vequaud,wvequaude3@adobe.com,Male,169.27.106.142
509,Ashlee,Goldwater,agoldwatere4@imageshack.us,Female,140.212.231.83
510,Alyda,Kenelin,akeneline5@nymag.com,Female,196.242.157.135
511,Arlette,Monger,amongere6@miibeian.gov.cn,Female,252.243.143.68
512,Frans,Tarquini,ftarquinie7@wikia.com,Male,205.79.17.27
513,June,Vacher,jvachere8@redcross.org,Female,51.173.8.101
514,Berny,Greir,bgreire9@cbsnews.com,Female,248.127.31.122
515,Noam,Timmins,ntimminsea@exblog.jp,Male,150.55.24.83
516,Alverta,Falla,afallaeb@ucoz.ru,Female,232.135.26.148
517,Noach,Prewer,nprewerec@mozilla.com,Male,174.112.193.69
518,Margaretha,Hembry,mhembryed@networksolutions.com,Female,87.120.3.116
519,Donnamarie,Nussey,dnusseyee@slate.com,Female,111.13.41.128
520,Charlotta,Lampaert,clampaertef@discuz.net,Female,95.101.28.16
521,Fernande,Aldcorne,faldcorneeg@abc.net.au,Female,157.219.164.140
522,Ros,Glawsop,rglawsopeh@wiley.com,Female,76.98.210.172
523,Ertha,Rominov,erominovei@fda.gov,Female,128.100.150.109
524,Sumner,Gillfillan,sgillfillanej@networksolutions.com,Male,80.142.140.204
525,Nerta,Radsdale,nradsdaleek@psu.edu,Female,31.154.13.70
526,Bianca,Risdall,brisdallel@mail.ru,Female,214.177.102.162
527,Pyotr,Vallentin,pvallentinem@linkedin.com,Male,146.141.6.34
528,Renato,Woodburn,rwoodburnen@cbslocal.com,Male,176.113.167.208
529,Alex,Cowing,acowingeo@china.com.cn,Female,43.110.199.68
530,Lanette,Wakeley,lwakeleyep@addtoany.com,Female,159.67.25.90
531,Dave,Wittman,dwittmaneq@issuu.com,Male,130.207.6.66
532,Loretta,Larcombe,llarcombeer@imageshack.us,Female,200.97.107.53
533,Arleta,Kryszka,akryszkaes@house.gov,Female,42.139.116.2
534,Ileane,Challener,ichalleneret@smh.com.au,Female,53.204.239.159
535,Reed,Chessel,rchesseleu@meetup.com,Male,78.242.154.46
536,Zorina,Twycross,ztwycrossev@jalbum.net,Female,134.239.187.195
537,Antonella,Mockford,amockfordew@biblegateway.com,Female,93.108.90.64
538,Archibaldo,Birrel,abirrelex@imdb.com,Male,112.80.88.31
539,Rhoda,Szymanowicz,rszymanowiczey@behance.net,Female,188.188.66.28
540,Ulises,Constanza,uconstanzaez@mashable.com,Male,118.41.229.210
541,Spencer,Rivers,sriversf0@fotki.com,Male,190.39.9.100
542,Fernanda,Matthewman,fmatthewmanf1@craigslist.org,Female,9.168.193.61
543,Baxter,Hewell,bhewellf2@cnbc.com,Male,21.129.253.84
544,Ceil,Weald,cwealdf3@apple.com,Female,220.249.52.122
545,Nicolai,Potten,npottenf4@youku.com,Male,237.103.183.42
546,Demetris,Housecroft,dhousecroftf5@pinterest.com,Male,110.80.156.71
547,Rebeka,Hryniewicz,rhryniewiczf6@weather.com,Female,244.227.26.21
548,Celle,Malia,cmaliaf7@unicef.org,Female,201.117.91.14
549,Geno,McCrossan,gmccrossanf8@usnews.com,Male,98.253.184.138
550,Ferrel,Heindrick,fheindrickf9@mapy.cz,Male,248.15.199.29
551,De witt,Pinwell,dpinwellfa@quantcast.com,Male,38.245.114.129
552,Brittni,Tremelling,btremellingfb@nps.gov,Female,88.212.0.94
553,Gaye,South,gsouthfc@toplist.cz,Female,92.89.66.52
554,Janaya,Howood,jhowoodfd@irs.gov,Female,93.59.226.187
555,Ricardo,Drinkale,rdrinkalefe@prlog.org,Male,53.211.154.202
556,Ly,Harness,lharnessff@people.com.cn,Male,188.89.122.165
557,Hazel,Tuberfield,htuberfieldfg@alibaba.com,Female,164.138.165.153
558,Elberta,Denyakin,edenyakinfh@histats.com,Female,71.206.216.38
559,Hazlett,Blaisdell,hblaisdellfi@mail.ru,Male,174.87.241.219
560,Alleen,Uebel,auebelfj@house.gov,Female,47.155.60.237
561,Stacy,Tinn,stinnfk@hostgator.com,Female,90.194.100.95
562,Agosto,Chasen,achasenfl@wikia.com,Male,240.250.143.208
563,Brandice,Lenahan,blenahanfm@ftc.gov,Female,16.37.164.223
564,Emmett,Shutte,eshuttefn@cafepress.com,Male,237.217.129.53
565,Glen,Childes,gchildesfo@weibo.com,Female,215.99.73.167
566,Mellisa,Weiss,mweissfp@yahoo.com,Female,141.6.26.251
567,Rodger,Eakly,reaklyfq@google.it,Male,212.242.247.245
568,Gaylord,Shackleford,gshacklefordfr@mail.ru,Male,91.105.179.2
569,Chaddy,Greyes,cgreyesfs@gravatar.com,Male,228.24.243.223
570,Ryan,Angell,rangellft@google.ru,Male,22.140.244.177
571,Cole,Tremaine,ctremainefu@bigcartel.com,Male,108.43.118.30
572,Dorree,Worrill,dworrillfv@devhub.com,Female,213.116.4.142
573,Pauletta,Blois,pbloisfw@pen.io,Female,230.211.108.127
574,Thebault,Leyshon,tleyshonfx@prlog.org,Male,104.65.220.220
575,Adelaide,Lydiate,alydiatefy@yolasite.com,Female,232.235.238.141
576,Arron,Hansod,ahansodfz@dailymotion.com,Male,142.190.248.214
577,Ferrel,Creasey,fcreaseyg0@ebay.com,Male,53.193.31.23
578,Addy,Grigg,agriggg1@ow.ly,Male,232.43.252.111
579,Goldarina,Gierke,ggierkeg2@feedburner.com,Female,181.245.136.237
580,Ruggiero,Zukerman,rzukermang3@businesswire.com,Male,88.21.98.59
581,Vernor,Glasner,vglasnerg4@discovery.com,Male,170.75.26.209
582,Alie,Canter,acanterg5@usa.gov,Female,2.201.57.53
583,Moshe,Favell,mfavellg6@moonfruit.com,Male,49.110.178.78
584,Roland,Cripps,rcrippsg7@wikimedia.org,Male,105.166.233.177
585,Lacey,Jackson,ljacksong8@thetimes.co.uk,Female,219.56.81.1
586,Byram,Guilbert,bguilbertg9@youku.com,Male,35.103.51.227
587,Yettie,Connechie,yconnechiega@nationalgeographic.com,Female,58.44.160.147
588,Zorana,Brumwell,zbrumwellgb@mapy.cz,Female,249.243.220.125
589,Emeline,Barff,ebarffgc@gov.uk,Female,94.7.21.202
590,Hew,Klauer,hklauergd@wsj.com,Male,68.202.26.91
591,Ava,Crace,acracege@behance.net,Female,60.101.22.205
592,Maximilian,Bemlott,mbemlottgf@ftc.gov,Male,60.210.66.241
593,Pattie,Dahl,pdahlgg@adobe.com,Male,81.124.98.217
594,Catherine,Mazzey,cmazzeygh@dropbox.com,Female,154.232.114.65
595,Herc,Dickin,hdickingi@cisco.com,Male,202.82.179.241
596,Adora,McGhee,amcgheegj@feedburner.com,Female,13.3.176.251
597,Illa,Abdee,iabdeegk@dagondesign.com,Female,67.98.208.79
598,Abram,Dunnaway,adunnawaygl@adobe.com,Male,84.191.183.17
599,Aurthur,Lipman,alipmangm@independent.co.uk,Male,236.35.145.111
600,Bearnard,Emmines,bemminesgn@tinypic.com,Male,8.49.69.122
601,Bryana,Chartre,bchartrego@sourceforge.net,Female,201.0.115.217
602,Sosanna,Venn,svenngp@un.org,Female,199.75.239.71
603,Sherry,Bulgen,sbulgengq@si.edu,Female,250.28.255.139
604,Hanny,Hamlyn,hhamlyngr@friendfeed.com,Female,155.185.160.44
605,Rodger,Grosier,rgrosiergs@webs.com,Male,34.59.148.214
606,Randi,Sparway,rsparwaygt@yahoo.co.jp,Male,18.47.233.95
607,Adah,Christopher,achristophergu@japanpost.jp,Female,129.28.82.58
608,Matt,Swadling,mswadlinggv@barnesandnoble.com,Male,22.244.24.57
609,Nellie,Mallock,nmallockgw@hugedomains.com,Female,194.127.112.149
610,Mano,Deverall,mdeverallgx@ft.com,Male,20.122.209.104
611,Arluene,McArdle,amcardlegy@ftc.gov,Female,206.110.253.3
612,Harris,Wadeson,hwadesongz@chronoengine.com,Male,239.131.99.194
613,Penni,Sandyford,psandyfordh0@last.fm,Female,226.7.128.170
614,Garrard,Cuckoo,gcuckooh1@ovh.net,Male,253.186.100.121
615,Arnoldo,Forkan,aforkanh2@ca.gov,Male,184.12.198.67
616,Ramona,Valenta,rvalentah3@de.vu,Female,110.220.157.25
617,Casey,Trimby,ctrimbyh4@accuweather.com,Female,54.110.37.49
618,Meier,Lowder,mlowderh5@zdnet.com,Male,211.27.79.222
619,Korey,Poel,kpoelh6@ted.com,Male,135.210.104.95
620,Kathy,Greenhill,kgreenhillh7@over-blog.com,Female,115.254.228.29
621,Winthrop,Maase,wmaaseh8@phpbb.com,Male,110.236.184.148
622,Tracee,Hanscomb,thanscombh9@mail.ru,Female,102.208.123.244
623,Terence,Sieur,tsieurha@sina.com.cn,Male,29.103.88.85
624,Luigi,Bear,lbearhb@360.cn,Male,32.85.77.135
625,Salem,Kilfether,skilfetherhc@opera.com,Male,218.3.60.216
626,Alvie,Cricket,acrickethd@godaddy.com,Male,137.96.238.77
627,Mohammed,Cumming,mcumminghe@live.com,Male,37.169.131.27
628,Bernardine,Whiston,bwhistonhf@goodreads.com,Female,74.82.1.164
629,Dallon,Milam,dmilamhg@harvard.edu,Male,158.181.244.175
630,Renie,Cosins,rcosinshh@naver.com,Female,130.16.109.158
631,Mag,Flitcroft,mflitcrofthi@bravesites.com,Female,241.253.150.27
632,Ettore,Cadle,ecadlehj@issuu.com,Male,238.196.26.42
633,Delbert,Bresnen,dbresnenhk@chicagotribune.com,Male,235.162.202.3
634,Monro,Debell,mdebellhl@chicagotribune.com,Male,144.220.238.157
635,Rachele,Twycross,rtwycrosshm@ted.com,Female,153.166.210.196
636,Jody,Codeman,jcodemanhn@jalbum.net,Female,168.97.225.143
637,Hercules,Avey,haveyho@printfriendly.com,Male,138.241.168.230
638,Florida,Meecher,fmeecherhp@arstechnica.com,Female,18.20.120.129
639,Carin,Agirre,cagirrehq@telegraph.co.uk,Female,173.206.103.117
640,Westley,Mayman,wmaymanhr@qq.com,Male,53.247.101.246
641,Delainey,Gilfether,dgilfetherhs@nhs.uk,Male,202.106.150.180
642,Mandy,Manilo,mmaniloht@mlb.com,Female,122.167.128.179
643,Loleta,Mantle,lmantlehu@bbb.org,Female,26.2.201.196
644,Jud,Simonetti,jsimonettihv@issuu.com,Male,114.54.106.34
645,Lanie,Adshad,ladshadhw@oaic.gov.au,Male,49.168.137.255
646,Will,Creddon,wcreddonhx@bbc.co.uk,Male,143.21.231.85
647,Josy,Tedder,jtedderhy@hibu.com,Female,175.65.1.200
648,Linzy,Pickring,lpickringhz@yolasite.com,Female,215.111.25.174
649,Eartha,Wombwell,ewombwelli0@nydailynews.com,Female,196.91.184.117
650,Fran,Wicken,fwickeni1@privacy.gov.au,Male,144.153.209.38
651,Peggy,Mechi,pmechii2@geocities.com,Female,178.79.223.196
652,Billi,Lock,blocki3@weebly.com,Female,107.202.180.213
653,Richardo,Lilburne,rlilburnei4@timesonline.co.uk,Male,218.208.142.22
654,Lockwood,Zukierman,lzukiermani5@pagesperso-orange.fr,Male,127.163.218.22
655,Farlee,Arunowicz,farunowiczi6@who.int,Male,156.191.174.74
656,Etti,Bugbird,ebugbirdi7@themeforest.net,Female,10.0.224.8
657,Irwin,Duggleby,idugglebyi8@ca.gov,Male,142.130.79.79
658,Bone,Kivlehan,bkivlehani9@blogger.com,Male,128.83.137.139
659,Royall,Peever,rpeeveria@slate.com,Male,159.194.125.126
660,Devondra,Gobbet,dgobbetib@naver.com,Female,66.156.188.230
661,Axel,Graffin,agraffinic@ca.gov,Male,104.183.44.189
662,Austine,Beldum,abeldumid@hubpages.com,Female,172.245.206.204
663,Erin,Reynolds,ereynoldsie@squarespace.com,Male,207.5.188.221
664,Venita,Kevlin,vkevlinif@miitbeian.gov.cn,Female,179.45.82.29
665,Gonzalo,Bilbrook,gbilbrookig@hostgator.com,Male,83.9.28.201
666,Odey,Muncaster,omuncasterih@vk.com,Male,105.178.123.33
667,Timofei,Beckmann,tbeckmannii@fastcompany.com,Male,90.212.6.104
668,Debi,Micheli,dmicheliij@usda.gov,Female,107.110.184.89
669,Ignatius,Lithcow,ilithcowik@nba.com,Male,211.250.74.26
670,Brigitte,Marrows,bmarrowsil@google.fr,Female,186.210.26.251
671,Tadeas,Stokey,tstokeyim@uol.com.br,Male,208.62.64.68
672,Ephrayim,Jefford,ejeffordin@de.vu,Male,36.180.87.155
673,Horace,Moorcroft,hmoorcroftio@reference.com,Male,0.237.62.4
674,Shellie,Jackalin,sjackalinip@umn.edu,Female,99.207.124.76
675,Clarette,Ochiltree,cochiltreeiq@abc.net.au,Female,168.129.200.136
676,Kori,Garfield,kgarfieldir@dmoz.org,Female,138.47.25.5
677,Andeee,Legrand,alegrandis@blog.com,Female,233.106.47.232
678,Korry,Torn,ktornit@delicious.com,Female,246.241.143.29
679,Wynnie,Bear,wbeariu@wikia.com,Female,77.81.79.185
680,Jami,Cockney,jcockneyiv@friendfeed.com,Female,159.73.34.98
681,Trstram,Brahms,tbrahmsiw@desdev.cn,Male,9.124.72.132
682,Sileas,Hulcoop,shulcoopix@miitbeian.gov.cn,Female,72.161.163.94
683,Bonny,Rainsdon,brainsdoniy@ezinearticles.com,Female,163.71.31.24
684,Lane,Roggeman,lroggemaniz@sakura.ne.jp,Male,144.29.153.6
685,Julio,Meaney,jmeaneyj0@cnet.com,Male,18.208.100.130
686,Evangelia,Rennebach,erennebachj1@blogtalkradio.com,Female,115.104.223.190
687,Eleanore,Patience,epatiencej2@parallels.com,Female,44.97.225.209
688,Rabi,Kalb,rkalbj3@mit.edu,Male,186.221.197.85
689,Renee,Volkers,rvolkersj4@printfriendly.com,Female,173.170.92.76
690,Kenneth,Balle,kballej5@sohu.com,Male,220.39.158.5
691,Chantal,Krale,ckralej6@ucsd.edu,Female,20.198.200.135
692,Danella,Corsar,dcorsarj7@exblog.jp,Female,248.107.153.177
693,Norrie,Simoes,nsimoesj8@facebook.com,Female,66.79.110.96
694,Trina,Doncaster,tdoncasterj9@psu.edu,Female,8.239.101.48
695,Barnard,Haste,bhasteja@umn.edu,Male,114.39.56.190
696,Lowell,Hankard,lhankardjb@dailymail.co.uk,Male,206.56.207.1
697,Inger,Warin,iwarinjc@aol.com,Female,179.153.12.33
698,Jermaine,Fishburn,jfishburnjd@gmpg.org,Female,108.5.97.6
699,Anthia,Garthland,agarthlandje@skyrock.com,Female,180.128.5.194
700,Ogdan,Rykert,orykertjf@friendfeed.com,Male,216.68.132.69
701,Natty,Pereira,npereirajg@homestead.com,Male,150.52.198.199
702,Darin,Varne,dvarnejh@toplist.cz,Male,33.184.235.112
703,Vassily,Slateford,vslatefordji@odnoklassniki.ru,Male,63.85.68.31
704,Coralie,Brolly,cbrollyjj@livejournal.com,Female,104.25.150.154
705,Leda,Ainsworth,lainsworthjk@cnbc.com,Female,233.119.124.44
706,Chauncey,Comello,ccomellojl@unblog.fr,Male,172.90.174.28
707,Almeria,Rosevear,arosevearjm@bloglines.com,Female,214.20.152.169
708,Paula,Letten,plettenjn@paginegialle.it,Female,129.139.239.2
709,Crichton,Reese,creesejo@sitemeter.com,Male,21.71.174.41
710,Zackariah,Knibbs,zknibbsjp@netvibes.com,Male,32.28.130.133
711,Kym,Egleton,kegletonjq@bandcamp.com,Female,202.61.22.95
712,Riobard,Spalls,rspallsjr@paginegialle.it,Male,224.150.209.38
713,Nina,Whewill,nwhewilljs@netscape.com,Female,89.183.224.128
714,Erik,Stobbie,estobbiejt@free.fr,Male,115.80.89.35
715,Haskel,De Lisle,hdelisleju@mapy.cz,Male,125.40.194.154
716,Noreen,Dunge,ndungejv@engadget.com,Female,173.177.231.231
717,Tansy,Grotty,tgrottyjw@ucoz.ru,Female,16.174.250.252
718,Georg,Purbrick,gpurbrickjx@delicious.com,Male,203.78.76.145
719,Leland,Cluelow,lcluelowjy@reference.com,Female,33.118.22.221
720,Rainer,Stuttman,rstuttmanjz@aol.com,Male,192.52.58.118
721,Reggie,Ridolfi,rridolfik0@slashdot.org,Female,130.14.15.214
722,Emmalyn,Klimov,eklimovk1@elpais.com,Female,254.37.229.178
723,Margalo,Blenkiron,mblenkironk2@123-reg.co.uk,Female,123.129.247.141
724,Gregorius,Jeff,gjeffk3@printfriendly.com,Male,174.207.135.143
725,Shell,Niemetz,sniemetzk4@amazon.co.jp,Female,21.120.131.96
726,Ellwood,Goodlife,egoodlifek5@live.com,Male,191.115.97.131
727,Neil,Ede,nedek6@marriott.com,Male,223.29.70.193
728,Suzy,Ithell,sithellk7@comcast.net,Female,215.186.221.114
729,Mehetabel,Gaudin,mgaudink8@sun.com,Female,38.146.90.165
730,Joya,Elsmore,jelsmorek9@omniture.com,Female,56.235.202.53
731,Yvon,Moroney,ymoroneyka@icio.us,Male,89.46.152.130
732,Cyndy,Rechert,crechertkb@acquirethisname.com,Female,75.113.219.152
733,Lester,Mooring,lmooringkc@nyu.edu,Male,47.243.21.32
734,Gabriela,Fordy,gfordykd@t.co,Female,152.241.250.209
735,Chrisse,Legg,cleggke@cocolog-nifty.com,Male,31.47.208.191
736,Chloe,Tutt,ctuttkf@de.vu,Female,62.152.145.159
737,Neddie,Molloy,nmolloykg@360.cn,Male,179.123.242.82
738,Andrei,Fradgley,afradgleykh@gmpg.org,Female,176.229.147.233
739,Shaylah,Frosdick,sfrosdickki@constantcontact.com,Female,56.177.65.165
740,Averyl,Towle,atowlekj@house.gov,Female,244.174.209.104
741,Othilie,Bebbington,obebbingtonkk@surveymonkey.com,Female,205.166.17.44
742,Mac,Le Grice,mlegricekl@wisc.edu,Male,17.133.1.113
743,Wilfrid,Kalberer,wkalbererkm@odnoklassniki.ru,Male,221.27.163.69
744,Vannie,Yesenev,vyesenevkn@diigo.com,Female,85.49.116.44
745,Loren,Skottle,lskottleko@psu.edu,Female,58.252.24.91
746,Arleta,Stummeyer,astummeyerkp@netvibes.com,Female,193.217.162.131
747,Kinny,Malone,kmalonekq@sfgate.com,Male,62.74.240.38
748,Orin,Besemer,obesemerkr@digg.com,Male,195.51.31.74
749,Dannel,Ruzek,druzekks@apple.com,Male,128.172.69.131
750,Carrol,Skase,cskasekt@technorati.com,Male,199.202.192.201
751,Thacher,Todhunter,ttodhunterku@i2i.jp,Male,42.4.9.113
752,Olive,Petrello,opetrellokv@cnn.com,Female,185.235.11.136
753,Philipa,Burniston,pburnistonkw@independent.co.uk,Female,213.52.241.18
754,Ferguson,Vitet,fvitetkx@sakura.ne.jp,Male,35.108.165.28
755,Ringo,Angelini,rangeliniky@nydailynews.com,Male,59.11.173.155
756,Wain,Cockram,wcockramkz@yellowpages.com,Male,233.120.18.62
757,Ingemar,Cadalleder,icadallederl0@biblegateway.com,Male,90.223.64.109
758,Roberta,Kleanthous,rkleanthousl1@webmd.com,Female,237.101.8.143
759,Hubey,Coney,hconeyl2@slashdot.org,Male,51.43.117.222
760,Jarrett,Setterfield,jsetterfieldl3@ocn.ne.jp,Male,225.112.80.101
761,Edvard,Renfrew,erenfrewl4@yahoo.com,Male,157.108.75.96
762,Bryanty,Burrus,bburrusl5@google.es,Male,50.136.238.224
763,Eduardo,Szreter,eszreterl6@howstuffworks.com,Male,244.209.234.61
764,Ernestus,McCaskell,emccaskelll7@dell.com,Male,122.74.135.245
765,Graeme,Fawssett,gfawssettl8@fc2.com,Male,198.175.32.139
766,Hayley,Espadater,hespadaterl9@wikia.com,Female,23.67.32.3
767,Umberto,Lindmark,ulindmarkla@indiatimes.com,Male,58.112.151.206
768,Harri,Pendlebury,hpendleburylb@google.com,Female,12.216.178.135
769,Shelagh,Kabos,skaboslc@globo.com,Female,149.202.208.117
770,Kira,Seagrave,kseagraveld@reference.com,Female,115.48.129.150
771,Rand,Bedin,rbedinle@abc.net.au,Male,212.106.117.197
772,Adrianna,Perez,aperezlf@boston.com,Female,182.181.61.212
773,Almira,Malcolm,amalcolmlg@ftc.gov,Female,96.9.182.236
774,Wenonah,McCreadie,wmccreadielh@thetimes.co.uk,Female,151.33.25.125
775,Eran,Paulo,epauloli@biglobe.ne.jp,Female,90.203.62.16
776,Agnes,Rosenau,arosenaulj@tiny.cc,Female,217.179.242.47
777,Octavia,Hosburn,ohosburnlk@nationalgeographic.com,Female,178.243.5.170
778,Janis,Simonelli,jsimonellill@psu.edu,Female,165.93.102.65
779,Wood,Bailiss,wbailisslm@nsw.gov.au,Male,136.179.150.179
780,Lilias,Oxenford,loxenfordln@wikimedia.org,Female,239.112.218.204
781,Monty,Lebond,mlebondlo@liveinternet.ru,Male,43.43.153.85
782,Audy,Sainz,asainzlp@cisco.com,Female,253.23.113.220
783,Armand,Sliman,aslimanlq@usda.gov,Male,131.252.178.238
784,Cross,Astlett,castlettlr@dmoz.org,Male,45.251.22.117
785,Maxy,Jillard,mjillardls@seattletimes.com,Male,113.44.117.249
786,Noll,Fearnside,nfearnsidelt@springer.com,Male,193.247.250.18
787,Garrard,Mapother,gmapotherlu@jugem.jp,Male,214.106.142.255
788,Pincas,Sprowle,psprowlelv@slashdot.org,Male,100.65.151.0
789,Nels,Simonich,nsimonichlw@columbia.edu,Male,103.157.107.216
790,Bartel,Splaven,bsplavenlx@adobe.com,Male,15.46.120.125
791,Anette,Purrington,apurringtonly@blogspot.com,Female,108.62.62.7
792,Hynda,Kahn,hkahnlz@wp.com,Female,7.250.235.8
793,Berty,Corser,bcorserm0@creativecommons.org,Female,217.106.7.204
794,Patrizius,Peachey,ppeacheym1@ibm.com,Male,154.220.167.217
795,Hilliard,Skain,hskainm2@apache.org,Male,64.231.27.16
796,Virgil,Roden,vrodenm3@amazon.co.uk,Male,62.90.181.109
797,Inglebert,Borgnet,iborgnetm4@tamu.edu,Male,68.121.0.31
798,Lloyd,Satterlee,lsatterleem5@privacy.gov.au,Male,150.250.224.224
799,Cori,O'Ruane,coruanem6@homestead.com,Male,81.208.152.184
800,Faye,Cossins,fcossinsm7@netscape.com,Female,207.207.233.160
801,Kelvin,Dorling,kdorlingm8@e-recht24.de,Male,43.238.130.101
802,Justine,McIlhatton,jmcilhattonm9@eepurl.com,Female,16.177.19.211
803,Christos,Frobisher,cfrobisherma@va.gov,Male,87.15.246.239
804,Ashton,Lamasna,alamasnamb@ebay.co.uk,Male,187.221.145.143
805,Marketa,Newlands,mnewlandsmc@wikipedia.org,Female,21.60.8.11
806,Giordano,Ciepluch,gciepluchmd@businesswire.com,Male,173.29.2.182
807,Jaquith,Hebdon,jhebdonme@gizmodo.com,Female,96.85.207.238
808,Nancy,Hadgkiss,nhadgkissmf@imdb.com,Female,45.163.162.216
809,Ulrikaumeko,Shillington,ushillingtonmg@histats.com,Female,124.52.69.206
810,Frieda,Buttrick,fbuttrickmh@chicagotribune.com,Female,219.163.103.202
811,Angelita,Busfield,abusfieldmi@ed.gov,Female,249.176.223.93
812,Malissa,Caldairou,mcaldairoumj@alexa.com,Female,31.221.240.193
813,Eilis,Cordner,ecordnermk@typepad.com,Female,207.4.143.232
814,Alyss,Tebbut,atebbutml@oakley.com,Female,81.153.194.83
815,Marci,Skentelbury,mskentelburymm@acquirethisname.com,Female,151.129.123.235
816,Haleigh,Ruckhard,hruckhardmn@liveinternet.ru,Female,177.132.92.67
817,Desi,Niccolls,dniccollsmo@hubpages.com,Male,228.37.155.30
818,Ashely,Mirralls,amirrallsmp@deliciousdays.com,Female,140.64.206.11
819,Niall,Emett,nemettmq@ucsd.edu,Male,0.102.214.121
820,Pavla,Cannavan,pcannavanmr@alibaba.com,Female,246.246.208.249
821,Abbi,Duval,aduvalms@patch.com,Female,11.150.166.253
822,Shirley,Kernan,skernanmt@umich.edu,Female,143.14.118.12
823,Darn,Deplacido,ddeplacidomu@independent.co.uk,Male,173.171.75.187
824,Jaymie,Commusso,jcommussomv@about.com,Male,15.213.15.65
825,Maurizio,Girsch,mgirschmw@wikimedia.org,Male,155.127.178.93
826,Truda,Beekman,tbeekmanmx@etsy.com,Female,169.176.18.131
827,Dionne,Westerman,dwestermanmy@mac.com,Female,117.15.203.111
828,Kacy,McGreary,kmcgrearymz@bravesites.com,Female,184.168.150.168
829,Jermaine,Flanaghan,jflanaghann0@bravesites.com,Male,28.200.160.195
830,Walden,Myrkus,wmyrkusn1@livejournal.com,Male,118.64.232.136
831,Sandie,De La Coste,sdelacosten2@si.edu,Female,80.59.150.174
832,Xavier,Montfort,xmontfortn3@upenn.edu,Male,28.35.99.90
833,Lance,Vanin,lvaninn4@free.fr,Male,8.52.101.121
834,Jenilee,Raun,jraunn5@nps.gov,Female,35.59.221.219
835,Trev,O'Connell,toconnelln6@state.tx.us,Male,48.25.70.125
836,Roobbie,Deverick,rdeverickn7@pinterest.com,Female,200.150.110.5
837,Robbie,Dell Casa,rdellcasan8@wix.com,Male,74.172.0.43
838,Adey,Morshead,amorsheadn9@webeden.co.uk,Female,173.5.226.17
839,Laughton,Rushsorth,lrushsorthna@meetup.com,Male,137.121.78.131
840,Lamond,Severy,lseverynb@accuweather.com,Male,68.210.241.253
841,Walden,Pothergill,wpothergillnc@oakley.com,Male,43.171.234.52
842,Emanuele,Pendergrast,ependergrastnd@tripod.com,Male,85.180.88.10
843,Anestassia,Passby,apassbyne@woothemes.com,Female,56.163.116.200
844,Nert,Olivey,noliveynf@paginegialle.it,Female,249.134.126.223
845,Abbe,Aldis,aaldisng@naver.com,Female,12.224.146.34
846,Cassandre,Hatliffe,chatliffenh@fotki.com,Female,195.159.34.220
847,May,Luna,mlunani@huffingtonpost.com,Female,119.199.87.71
848,Wadsworth,Emeny,wemenynj@npr.org,Male,159.220.185.37
849,Gwenora,MacIlraith,gmacilraithnk@stanford.edu,Female,115.218.76.238
850,Morrie,Bees,mbeesnl@dailymail.co.uk,Male,84.126.143.37
851,Garrek,Balnaves,gbalnavesnm@imgur.com,Male,149.252.91.186
852,Alex,Maasze,amaaszenn@cornell.edu,Male,151.240.92.154
853,Josee,Emloch,jemlochno@sun.com,Female,200.197.223.98
854,Mignon,Toal,mtoalnp@cyberchimps.com,Female,157.202.33.46
855,Hammad,Bediss,hbedissnq@gmpg.org,Male,245.252.254.0
856,Garry,Hullbrook,ghullbrooknr@php.net,Male,19.106.205.100
857,Eliot,Danelet,edaneletns@upenn.edu,Male,223.17.234.57
858,Granny,Readitt,greadittnt@biblegateway.com,Male,74.139.227.202
859,Grethel,Barrand,gbarrandnu@odnoklassniki.ru,Female,13.28.59.185
860,Sonny,Ligoe,sligoenv@who.int,Female,111.240.45.135
861,Nannette,Batchelor,nbatchelornw@skype.com,Female,140.6.62.201
862,Kelsey,Kesby,kkesbynx@simplemachines.org,Female,83.202.100.252
863,Ricardo,Yurukhin,ryurukhinny@europa.eu,Male,25.76.105.155
864,Pen,Minero,pmineronz@weather.com,Female,192.134.93.187
865,Donn,Bugden,dbugdeno0@cargocollective.com,Male,147.175.223.205
866,Fin,Perl,fperlo1@fda.gov,Male,163.239.181.127
867,Arther,Patis,apatiso2@gov.uk,Male,189.152.116.110
868,Lacie,Hassard,lhassardo3@comsenz.com,Female,155.38.121.26
869,Bartel,Simonian,bsimoniano4@nps.gov,Male,118.35.149.204
870,Roz,Kearns,rkearnso5@dedecms.com,Female,208.75.35.173
871,Flory,Caltun,fcaltuno6@nhs.uk,Male,18.149.132.205
872,Alic,Ardley,aardleyo7@digg.com,Male,78.170.188.49
873,Bernardo,Trustrie,btrustrieo8@boston.com,Male,70.111.127.202
874,Caryl,Covelle,ccovelleo9@hatena.ne.jp,Male,235.20.65.27
875,Skippy,Laverick,slaverickoa@opensource.org,Male,44.205.244.134
876,Deerdre,Bernardo,dbernardoob@hao123.com,Female,138.89.83.151
877,Fanchette,Appleyard,fappleyardoc@shareasale.com,Female,99.204.88.107
878,Ringo,Lempke,rlempkeod@webmd.com,Male,26.98.234.101
879,Kristofer,Bartozzi,kbartozzioe@bigcartel.com,Male,221.15.242.228
880,Vance,Gladdolph,vgladdolphof@cpanel.net,Male,54.211.207.203
881,Arthur,Citrine,acitrineog@yelp.com,Male,134.3.184.90
882,Loren,Kestian,lkestianoh@marketwatch.com,Female,231.225.183.214
883,Bert,Algie,balgieoi@prlog.org,Male,253.143.70.20
884,Yorke,Dykas,ydykasoj@imageshack.us,Male,210.200.167.16
885,Eachelle,Marciskewski,emarciskewskiok@slashdot.org,Female,122.23.219.46
886,Debbie,Jackalin,djackalinol@hibu.com,Female,215.85.172.131
887,Tandie,Biskupek,tbiskupekom@jalbum.net,Female,131.104.65.44
888,Fedora,Champley,fchampleyon@cbsnews.com,Female,68.123.204.115
889,Natalina,Zealey,nzealeyoo@wikispaces.com,Female,175.131.134.17
890,Valdemar,Carriage,vcarriageop@gizmodo.com,Male,212.169.154.189
891,Nathalie,Jeffress,njeffressoq@alexa.com,Female,217.50.112.202
892,Allis,Henric,ahenricor@telegraph.co.uk,Female,169.81.253.121
893,Saudra,Rosindill,srosindillos@indiegogo.com,Female,86.56.96.92
894,Cris,Schiell,cschiellot@hc360.com,Male,42.146.38.123
895,Jedidiah,Waddup,jwaddupou@addthis.com,Male,2.39.74.183
896,Derek,Beetham,dbeethamov@unesco.org,Male,183.31.213.156
897,Brnaba,Sowley,bsowleyow@nih.gov,Male,5.110.182.32
898,Howey,Wintersgill,hwintersgillox@tripadvisor.com,Male,70.165.137.232
899,Ranice,Lafayette,rlafayetteoy@google.cn,Female,99.245.67.20
900,Aron,Stearn,astearnoz@sciencedaily.com,Male,233.226.254.100
901,Lynelle,Switland,lswitlandp0@sogou.com,Female,210.119.251.206
902,Levy,Upstone,lupstonep1@usnews.com,Male,17.114.95.24
903,Yuri,Ronchetti,yronchettip2@free.fr,Male,56.254.55.97
904,Selestina,Sodo,ssodop3@is.gd,Female,241.38.135.22
905,Shepard,Axleby,saxlebyp4@tinypic.com,Male,69.70.221.159
906,Leona,Trewman,ltrewmanp5@nps.gov,Female,42.194.165.7
907,Vin,Kiln,vkilnp6@a8.net,Male,44.248.125.229
908,Dexter,Carleton,dcarletonp7@irs.gov,Male,139.92.134.3
909,Farlie,Truder,ftruderp8@exblog.jp,Male,223.46.198.167
910,Nick,Tremayne,ntremaynep9@slate.com,Male,9.144.203.74
911,Hinze,Hakeworth,hhakeworthpa@youtube.com,Male,117.212.142.108
912,Teresina,Walkinshaw,twalkinshawpb@github.io,Female,192.150.234.152
913,Agace,Dimitriev,adimitrievpc@imgur.com,Female,223.87.159.185
914,Darlleen,Dwelly,ddwellypd@reddit.com,Female,46.100.105.39
915,Erny,Fellgate,efellgatepe@seattletimes.com,Male,10.113.246.154
916,Marlee,Rossander,mrossanderpf@princeton.edu,Female,140.248.206.163
917,Skell,Carefull,scarefullpg@naver.com,Male,127.39.156.255
918,Lynelle,Hounihan,lhounihanph@themeforest.net,Female,223.106.144.102
919,Aleksandr,Brosoli,abrosolipi@etsy.com,Male,246.162.82.81
920,Kyle,MacDonagh,kmacdonaghpj@nature.com,Female,176.36.212.57
921,Francisco,Toolin,ftoolinpk@samsung.com,Male,235.192.124.89
922,Vivienne,Mead,vmeadpl@toplist.cz,Female,209.39.158.61
923,Herrick,Ellse,hellsepm@drupal.org,Male,130.152.6.225
924,Delila,Stainburn,dstainburnpn@posterous.com,Female,187.250.212.75
925,Madel,Dionsetto,mdionsettopo@ox.ac.uk,Female,34.121.63.105
926,Madeleine,Megson,mmegsonpp@blogtalkradio.com,Female,176.238.139.85
927,Donella,Roughsedge,droughsedgepq@google.ru,Female,103.106.82.18
928,Montague,Rossoni,mrossonipr@yelp.com,Male,254.9.196.129
929,Annabela,Gong,agongps@reddit.com,Female,86.85.5.31
930,Coraline,Normansell,cnormansellpt@e-recht24.de,Female,82.233.242.8
931,Angelina,Chisman,achismanpu@marketwatch.com,Female,104.29.144.253
932,West,Aggus,wagguspv@irs.gov,Male,174.31.237.171
933,Helen-elizabeth,Thorouggood,hthorouggoodpw@jigsy.com,Female,64.140.241.178
934,Dennison,Kedge,dkedgepx@state.tx.us,Male,69.192.243.246
935,Sharlene,Dorman,sdormanpy@shareasale.com,Female,212.56.221.159
936,Chrystal,Spuner,cspunerpz@thetimes.co.uk,Female,254.174.174.1
937,Masha,Robison,mrobisonq0@symantec.com,Female,196.179.56.160
938,Margy,Dilliston,mdillistonq1@linkedin.com,Female,12.196.95.146
939,Jannelle,Gerren,jgerrenq2@mysql.com,Female,32.3.236.57
940,Kial,Ryley,kryleyq3@webeden.co.uk,Female,205.153.113.162
941,Friedrick,Latliff,flatliffq4@booking.com,Male,220.63.113.82
942,Prescott,Abbets,pabbetsq5@opensource.org,Male,108.220.220.206
943,Giacobo,Athowe,gathoweq6@chronoengine.com,Male,156.141.108.126
944,Vite,Jeskins,vjeskinsq7@epa.gov,Male,187.102.247.232
945,Jehanna,Wilsher,jwilsherq8@typepad.com,Female,72.142.142.227
946,Noach,Comelini,ncomeliniq9@behance.net,Male,157.240.38.174
947,Hana,Jeness,hjenessqa@photobucket.com,Female,126.172.48.66
948,Julissa,Tarplee,jtarpleeqb@e-recht24.de,Female,28.20.76.233
949,Townsend,Purkess,tpurkessqc@weebly.com,Male,27.83.133.107
950,Gussi,Bauduccio,gbauduccioqd@rakuten.co.jp,Female,144.7.161.207
951,Christiana,Vose,cvoseqe@umn.edu,Female,80.118.44.6
952,Aldus,Cuncarr,acuncarrqf@irs.gov,Male,98.244.250.199
953,Loralyn,Jorge,ljorgeqg@opensource.org,Female,192.132.205.102
954,Renae,Gokes,rgokesqh@topsy.com,Female,21.24.131.92
955,Pablo,Hollyland,phollylandqi@symantec.com,Male,28.201.116.97
956,Desmund,Carbonell,dcarbonellqj@wikipedia.org,Male,247.172.45.216
957,Anallise,Sarfas,asarfasqk@123-reg.co.uk,Female,4.1.227.90
958,Ade,Montrose,amontroseql@bizjournals.com,Male,103.102.123.29
959,Donnie,Maggiori,dmaggioriqm@t.co,Male,68.127.16.15
960,Dixie,Hatcliffe,dhatcliffeqn@desdev.cn,Female,245.2.207.23
961,Allen,McBoyle,amcboyleqo@surveymonkey.com,Male,212.213.175.130
962,Gunar,Pirolini,gpiroliniqp@goodreads.com,Male,40.17.67.129
963,Andrew,Pancoust,apancoustqq@alexa.com,Male,96.120.122.56
964,Pearline,Sharpin,psharpinqr@ocn.ne.jp,Female,127.16.177.192
965,Janela,Holdron,jholdronqs@washingtonpost.com,Female,135.66.57.110
966,Guglielmo,Styan,gstyanqt@nasa.gov,Male,55.145.59.111
967,Ev,Boatswain,eboatswainqu@bravesites.com,Male,54.241.37.61
968,Patricia,Spears,pspearsqv@apache.org,Female,132.5.83.29
969,Roy,Petracchi,rpetracchiqw@ihg.com,Male,71.187.232.163
970,Rafe,Trownson,rtrownsonqx@hp.com,Male,177.238.202.66
971,Caddric,Decroix,cdecroixqy@techcrunch.com,Male,79.53.18.244
972,Arlie,Leamy,aleamyqz@amazonaws.com,Female,231.36.122.108
973,Johannah,Houson,jhousonr0@discovery.com,Female,153.52.146.165
974,Jeno,Preddy,jpreddyr1@techcrunch.com,Male,110.104.241.169
975,Harald,Sumnall,hsumnallr2@hibu.com,Male,10.4.43.220
976,Rodie,Allsopp,rallsoppr3@google.com,Female,138.8.120.138
977,Noell,Epps,neppsr4@who.int,Female,78.180.43.172
978,Nesta,Pressland,npresslandr5@tripadvisor.com,Female,73.140.48.86
979,Meier,Gowthrop,mgowthropr6@aol.com,Male,127.147.80.17
980,Koralle,Dripps,kdrippsr7@sina.com.cn,Female,57.15.173.108
981,Meghan,Walters,mwaltersr8@umn.edu,Female,116.195.71.114
982,Shina,Jaggli,sjagglir9@yahoo.co.jp,Female,191.153.55.69
983,Merlina,Fisbey,mfisbeyra@comcast.net,Female,163.83.115.152
984,Lane,Feaster,lfeasterrb@yelp.com,Female,21.139.224.125
985,Robyn,Amery,rameryrc@feedburner.com,Female,220.22.134.170
986,Valentijn,Glennard,vglennardrd@accuweather.com,Male,18.35.9.218
987,Hermy,Dumper,hdumperre@nationalgeographic.com,Male,133.139.236.10
988,Jimmie,Choat,jchoatrf@nbcnews.com,Male,73.200.31.182
989,Shawn,Rossborough,srossboroughrg@noaa.gov,Female,20.72.6.9
990,Barde,Zaczek,bzaczekrh@imageshack.us,Male,146.101.79.197
991,Essie,Jewise,ejewiseri@theatlantic.com,Female,133.202.52.212
992,Emmerich,Whilder,ewhilderrj@zimbio.com,Male,15.135.228.61
993,Tatiana,Secrett,tsecrettrk@shinystat.com,Female,88.168.248.191
994,Marlo,Simnel,msimnelrl@umich.edu,Female,8.102.104.145
995,Randa,Ashbee,rashbeerm@alexa.com,Female,7.54.59.87
996,Karla,Licciardo,klicciardorn@psu.edu,Female,243.70.30.58
997,Kaia,Faithfull,kfaithfullro@webmd.com,Female,245.135.119.241
998,Vinnie,Langeley,vlangeleyrp@tumblr.com,Male,90.40.102.76
999,Niels,McWhannel,nmcwhannelrq@elpais.com,Male,152.107.142.10
1000,Hadlee,Tenwick,htenwickrr@t-online.de,Male,84.245.14.64
